user_id,time_to_50,time_to_90,std_time_50,final_size,strength,pagerank
6661,1.0,1.0,0.0,1.0,0.6065167866130291,0.0001304364826583753
5999,1.0,1.0,0.0,1.0,0.6578392022753727,0.0003299507837051744
6330,1.0,1.0,0.0,1.0,0.6006257613265421,0.00013056885913788883
6435,1.0,1.0,0.0,1.0,1.221084034293602,0.00013128623330403084
5861,1.0,1.0,0.0,1.0,0.6746657771046244,0.00013121697918607388
5697,1.0,1.0,0.0,1.0,0.646914946789543,0.00013080827703978006
5526,1.0,1.0,0.0,1.0,1.2237154965998087,0.00013159177295532759
323,1.0,1.0,0.0,1.0,0.6587372383057157,0.0001304947731158273
4971,1.0,1.0,0.0,1.0,1.3318088666567887,0.00013140420735923878
3206,1.0,1.0,0.0,1.0,0.6011127817919463,0.00013042627371666156
2724,1.0,1.0,0.0,1.0,0.6089375147501638,0.00013042293695295827
2883,1.0,1.0,0.0,1.0,0.6903951340044465,0.0002026439334869961
4317,1.0,1.0,0.0,1.0,1.4670257933742819,0.00013150107131719302
3828,1.0,1.0,0.0,1.0,0.6129477413741949,0.00013044362816220926
3693,1.0,1.0,0.0,1.0,0.6204182538881744,0.0001310817803287262
4446,1.0,1.0,0.0,1.0,0.6494012355719555,0.00013047622554622477
3471,1.0,1.0,0.0,1.0,0.6103658396277167,0.00013046219908505164
2501,1.0,1.0,0.0,1.0,0.6136504497450512,0.00013042808960624195
2367,1.0,1.0,0.0,1.0,0.700616940118507,0.00013062345333986523
1109,1.0,1.0,0.0,1.0,0.6116846016507935,0.00013048064646481837
1459,1.0,1.0,0.0,1.0,0.6758270558751468,0.00013058896891473073
1464,1.0,1.0,0.0,1.0,0.6320761414645957,0.00013048458260496687
1314,1.0,1.0,0.0,1.0,1.8078683151701196,0.0001321927499041382
2123,1.0,1.0,0.0,1.0,0.6002935089208936,0.00013043097696574638
24,1.0,1.0,0.0,1.0,0.7393373981089515,0.00013618224053802856
6203,1.05,1.05,0.21794494717703372,1.05,0.7027155979976464,0.00014713050713124152
7007,1.05,1.05,0.2179449471770337,1.05,0.60700191010575,0.0002263512470176617
5400,1.1,1.15,0.43588989435406733,56.55,0.6091223542439004,0.00013045627272854343
5016,1.1,1.15,0.43588989435406744,56.0,1.2337424975038154,0.00013129084560799565
2683,1.1,1.15,0.43588989435406733,56.85,0.6267029555410596,0.0001304758692011167
3330,1.1,1.15,0.43588989435406744,56.85,2.056031109800555,0.00021993257821449088
4615,1.1,1.15,0.4358898943540674,56.45,1.2556059698689883,0.00013121212069461025
2158,1.1,1.15,0.43588989435406744,56.95,0.7490673270838362,0.00013069719806330064
1623,1.1,1.15,0.4358898943540674,56.6,0.6289627147700512,0.00013044957047188955
6736,1.1,1.15,0.43588989435406744,56.25,0.6420451061671036,0.0001304641903723279
328,1.1,1.1,0.3,1.1,1.480814087647003,0.00020752053547759824
4836,1.1,1.15,0.43588989435406744,57.1,0.6296406642623167,0.00013044860880645669
6249,1.1,1.15,0.43588989435406733,55.8,1.2761203614980454,0.0001312852087505779
5335,1.15,1.2,0.47696960070847283,56.95,2.58382885356551,0.0003043327326496905
1277,1.15,1.2,0.6538348415311012,57.1,0.6339635505261978,0.00013108740611224678
555,1.15,1.2,0.47696960070847283,56.6,1.85248423450242,0.0003236507079092274
4422,1.15,1.15,0.47696960070847283,1.15,3.1549494415052317,0.0004316436269527075
4451,1.15,1.2,0.47696960070847283,57.6,1.2517565153869445,0.0001616227780782546
6356,1.15,1.15,0.6538348415311012,57.25,0.6628700365894723,0.00013073644234630138
6806,1.15,1.15,0.3570714214271425,1.15,0.6829685596530671,0.00014373373227251544
4715,1.15,1.15,0.653834841531101,56.05,1.2769725279324828,0.00013130734109145783
4865,1.15,1.15,0.6538348415311012,56.15,0.6357722076816341,0.00013078825120168175
3708,1.2,1.3,0.6000000000000001,112.65,1.8462538491826082,0.00013202279437842651
298,1.2,1.25,0.5099019513592784,57.95,3.676573550717086,0.00020529239249208285
6871,1.2,1.3,0.6000000000000001,112.75,1.2842687698324897,0.00013125277721168452
6474,1.2,1.2,0.6782329983125267,57.25,2.0681876984874483,0.00017696891594303534
1761,1.2,1.25,0.6782329983125267,56.65,0.6238895348504704,0.00014057804849158697
1301,1.2,1.25,0.5099019513592785,56.95,1.2658249595110949,0.0004110348045929411
1796,1.2,1.3,0.6000000000000001,112.5,1.2972771874732203,0.00013124165865569077
2314,1.2,1.3,0.6,112.75,5.633013789441684,0.00013718040269620487
2284,1.2,1.25,0.5099019513592785,55.7,2.018476490122584,0.0002996365462043977
3965,1.2,1.3,0.6000000000000001,111.7,0.6373565227849233,0.00013047611825011332
4529,1.2,1.3,0.6,112.55,0.7730003733120646,0.00013082801500272865
3862,1.2,1.3,0.6000000000000001,111.75,1.8307232455720144,0.00013190737538993104
2206,1.25,1.35,0.7664854858377946,112.4,1.3073825259836265,0.00019461082537214477
3931,1.25,1.25,0.4330127018922193,1.25,3.226642117778783,0.0004363957044479764
849,1.25,1.3,0.7664854858377946,112.35,0.6606236393805092,0.0001305726806606249
261,1.25,1.3,0.7664854858377946,113.1,0.6719905557171706,0.00013071112338977565
2324,1.3,1.35,0.9000000000000001,113.55,0.8005725546444531,0.00013303841649197276
5047,1.3,1.45,0.714142842854285,169.4,3.0111068969427075,0.0001337828829392422
172,1.3,1.3,0.9,111.7,1.3142355356873285,0.00013244530587941893
617,1.3,1.3,0.9000000000000001,114.4,0.6371192802947444,0.00013053466529926877
6650,1.3,1.45,0.714142842854285,167.75,3.1022015501647076,0.0001334553037557005
136,1.3,1.45,0.714142842854285,167.85,0.6441081730764867,0.0001305315754471375
785,1.3,1.4,0.9000000000000001,113.4,1.4832350134414085,0.0001576340407593219
3042,1.35,1.45,0.852936105461599,112.1,2.103162129207131,0.00031027694966037725
757,1.45,1.6,0.9205976319760986,221.7,3.096979791491741,0.00013359210294537047
4439,1.5,1.65,0.9219544457292888,223.25,2.6663946788415966,0.0001874197154558233
5062,1.6,1.65,1.2,224.15,2.1532985970775136,0.00023154950990284909
4414,1.6,1.85,0.9165151389911679,336.8,8.446631956534269,0.00014051790314819636
4258,1.65,1.95,0.9096702699330126,334.85,5.76508018138346,0.0002137644739931663
4689,1.65,1.95,1.0136567466356647,335.15,6.7695673070336895,0.00013955444998668896
2370,1.8,2.2,0.9797958971132713,449.75,6.101307269354368,0.00013825064902118646
781,1.85,2.25,0.9630680142129111,445.8,12.880406512398206,0.00026472902431707657
4162,1.9,2.35,0.99498743710662,503.1,9.125196521460834,0.0001414009637906759
2985,1.9,2.35,0.9949874371066199,504.1,10.271435616480165,0.00014267169715322412
6374,1.95,2.4,0.9733961166965892,501.35,9.140463549956477,0.00026571691793143034
165,2.0,3.0,0.0,1121.85,823.22478716864,0.0011249170067866025
140,2.0,3.0,0.0,1116.7,869.955431335831,0.0012051583303536782
137,2.0,3.0,0.0,1116.45,871.3524210988346,0.0012079086591290913
4872,2.0,3.0,0.0,1116.65,784.3896058910257,0.0010699521162272217
4869,2.0,3.0,0.0,1118.65,795.6505454126417,0.0010857511123360663
4694,2.0,3.0,0.0,1117.75,747.1796703336247,0.00102148373745127
4690,2.0,3.0,0.0,1115.0,774.8853552679124,0.0010574745021102072
4683,2.0,3.0,0.0,1113.0,867.8523103922471,0.0011993391682577493
4681,2.0,3.0,0.0,1112.25,822.9735900577659,0.0011252963813223533
4678,2.0,3.0,0.0,1114.25,827.2184072077948,0.0011311815446422954
4676,2.0,3.0,0.0,1114.55,768.9214301659196,0.001049600346619529
4671,2.0,3.0,0.0,1117.45,679.9401543663242,0.0009360210412473651
4659,2.0,3.0,0.0,1113.8,875.5903242556514,0.0012195199870692972
4654,2.0,3.0,0.0,1117.9,752.3882481601053,0.0010380535422874673
4647,2.0,3.0,0.0,1116.45,594.6272935126281,0.0008319384231986772
4780,2.0,3.0,0.0,1117.25,831.126802979053,0.0011410236350190889
7020,2.0,3.0,0.0,1116.95,818.1776291267145,0.001118216318644254
7018,2.0,3.0,0.0,1113.3,820.9731038487389,0.0011215489556989772
6991,2.0,3.0,0.0,1110.4,780.156384750418,0.001067028962710665
6989,2.0,3.0,0.0,1108.95,866.8094674169705,0.0011970646400610034
6979,2.0,3.0,0.0,1114.85,772.0305969802223,0.0010533787693972774
951,2.0,3.0,0.0,1112.85,823.0578562491428,0.0011244690224113025
942,2.0,3.0,0.0,1111.4,793.5500840739891,0.0011379012763079327
7133,2.0,3.0,0.0,1115.4,800.3903099649314,0.0010910455667921468
7122,2.0,3.0,0.0,1109.75,890.1064293533622,0.001274293770025934
7117,2.0,3.0,0.0,1114.65,766.6367159992733,0.0010462215902842967
7094,2.0,3.0,0.0,1114.55,837.3540216819264,0.0011467754179892813
7087,2.0,3.0,0.0,1115.6,702.788355770769,0.0009646989067554775
7080,2.0,3.0,0.0,1116.65,802.2004490800363,0.001094238551761256
135,2.0,3.0,0.0,1117.45,874.8980504315639,0.0012154486755199508
7147,2.0,3.0,0.0,1112.9,869.8778251350568,0.001201062353251254
169,2.0,3.0,0.0,1108.9,767.8194267864696,0.001047796265244075
6882,2.0,3.0,0.0,1113.05,727.205487936693,0.0009954750242404857
6876,2.0,3.0,0.0,1115.95,816.6874516276841,0.0011150358259896793
6866,2.0,3.0,0.0,1115.7,850.7772489164779,0.0011673548521064273
1112,2.0,3.0,0.0,1115.4,638.6776189279982,0.0008853586535623935
1110,2.0,3.0,0.0,1113.75,743.8466392261791,0.0010178781193986184
932,2.0,3.0,0.0,1115.7,745.0065019293618,0.001018578559658919
928,2.0,3.0,0.0,1114.2,673.1330110664218,0.0009278725565992942
909,2.0,3.0,0.0,1111.65,793.6229577133305,0.0010830215753869121
893,2.0,3.0,0.0,1114.35,860.0263295845722,0.0011864215798089747
891,2.0,3.0,0.0,1116.1,880.4850281287033,0.0012356153329939152
885,2.0,3.0,0.0,1111.05,685.3220679858955,0.0009427463105005732
867,2.0,3.0,0.0,1115.75,763.3556910130517,0.0010417852580431814
1030,2.0,3.0,0.0,1114.35,723.8559123011715,0.0009914188952418485
1029,2.0,3.0,0.0,1114.15,607.3855075029197,0.0008473525189617531
857,2.0,3.0,0.0,1113.35,806.4736373963851,0.0011005170179089327
847,2.0,3.0,0.0,1112.7,831.7109060823236,0.0011366690143899626
6789,2.0,3.0,0.0,1114.55,741.095680025706,0.0010135917401090946
1183,2.0,3.0,0.0,1119.2,681.9860373251973,0.0009387125970096983
1178,2.0,3.0,0.0,1111.2,758.4425007849803,0.0010354344559152288
1022,2.0,3.0,0.0,1114.65,879.5619488765557,0.0012403875339968423
981,2.0,3.0,0.0,1111.45,805.2976846079946,0.001099093989974567
971,2.0,3.0,0.0,1118.0,698.7976427781188,0.0009596930390492607
963,2.0,3.0,0.0,1117.9,880.1865423277765,0.001228998798444311
6953,2.0,3.0,0.0,1114.5,860.1381366937279,0.0011843708064175926
6942,2.0,3.0,0.0,1115.4,809.1282121156496,0.0011052553983163917
6735,2.0,3.0,0.0,1116.5,750.7174329676957,0.001025909494512608
6935,2.0,3.0,0.0,1114.95,880.7748315009263,0.0012326878629804914
6930,2.0,3.0,0.0,1116.2,772.4699186652095,0.001053690216488626
6927,2.0,3.0,0.0,1114.5,848.7675069958453,0.0011652938698667834
6907,2.0,3.0,0.0,1114.0,783.7957994245874,0.0010695725236101656
6888,2.0,3.0,0.0,1120.7,792.6463993455669,0.0010808332292464719
6886,2.0,3.0,0.0,1111.05,864.6673851030196,0.0011930909004685822
1104,2.0,3.0,0.0,1114.45,743.7439803553021,0.001017144850439538
1094,2.0,3.0,0.0,1115.4,772.469070822848,0.0010538113860883774
1091,2.0,3.0,0.0,1110.35,791.9952776007997,0.0011019200345088608
1084,2.0,3.0,0.0,1115.95,752.7764994938108,0.0010286845529418852
1073,2.0,3.0,0.0,1119.6,819.2436210639305,0.0011196520636570686
1054,2.0,3.0,0.0,1110.2,847.0415978314956,0.0011622200092864326
1043,2.0,3.0,0.0,1112.45,764.0388146568033,0.0010434097394175774
1199,2.0,3.0,0.0,1118.6,824.8981847114019,0.0011287864199349348
1195,2.0,3.0,0.0,1121.8,872.1912778528493,0.0012183360229405227
6838,2.0,3.0,0.0,1115.0,850.5428075856438,0.0011684561748423262
6826,2.0,3.0,0.0,1116.2,631.8737336213709,0.0008771687397684828
6653,2.0,3.0,0.0,1115.3,655.1068118287831,0.0009054250204654817
6648,2.0,3.0,0.0,1115.95,753.8786766097096,0.0010318351340758436
6634,2.0,3.0,0.0,1118.65,837.4046423970642,0.0011465178134119514
6809,2.0,3.0,0.0,1116.25,794.7612609049096,0.0010864736353154891
6802,2.0,3.0,0.0,1115.8,501.1246185184695,0.0007197138107207336
1127,2.0,3.0,0.0,1115.7,791.1955044297847,0.0010792505034068602
1282,2.0,3.0,0.0,1116.9,700.7862973275849,0.000962461798731923
6746,2.0,3.0,0.0,1117.1,713.2700141143509,0.000978094182732856
6744,2.0,3.0,0.0,1110.55,710.9291019466715,0.0009749926183330894
6540,2.0,3.0,0.0,1113.75,637.8157635922419,0.0009944120525342966
6518,2.0,3.0,0.0,1117.0,891.9866162552164,0.0012892906387642548
6510,2.0,3.0,0.0,1115.45,688.5507828722635,0.0009466968857744271
6505,2.0,3.0,0.0,1118.55,859.6986354712021,0.0011829069660265188
6501,2.0,3.0,0.0,1109.85,809.917223684286,0.0011063440453433805
6702,2.0,3.0,0.0,1116.2,793.9936055036452,0.001107261054439715
6694,2.0,3.0,0.0,1116.35,697.4419513975201,0.0009574081535102793
6684,2.0,3.0,0.0,1114.85,857.425437732489,0.0011794203722264168
6682,2.0,3.0,0.0,1109.7,828.0072084813331,0.0011328943117476003
6673,2.0,3.0,0.0,1115.25,833.0563383939171,0.001249650990025728
6667,2.0,3.0,0.0,1119.05,872.6348844672857,0.001229910303922804
1105,2.0,3.0,0.0,1113.75,808.1307246455889,0.0011029908422276783
1257,2.0,3.0,0.0,1114.1,726.9552560522518,0.000995686966609613
1245,2.0,3.0,0.0,1116.6,663.476133382619,0.0009155170290013684
1234,2.0,3.0,0.0,1112.9,771.982673865349,0.0010533870659930407
1223,2.0,3.0,0.0,1113.7,706.0755853731381,0.00107904749588371
1221,2.0,3.0,0.0,1114.45,754.3210020869798,0.0010304709862939678
1450,2.0,3.0,0.0,1115.55,817.2727752999889,0.001116721285399279
1446,2.0,3.0,0.0,1113.4,758.6817927805232,0.0010359320790532308
1442,2.0,3.0,0.0,1117.75,873.7258214440897,0.0012223186103929554
1438,2.0,3.0,0.0,1115.1,551.4787959881412,0.000779634646861495
1431,2.0,3.0,0.0,1116.65,867.3021933080953,0.001197987253513021
1413,2.0,3.0,0.0,1116.2,868.2863079841039,0.0011988505480178555
1164,2.0,3.0,0.0,1113.6,812.2914364243273,0.0011083855850846209
1161,2.0,3.0,0.0,1115.35,818.4916100115979,0.0011188940546496134
1144,2.0,3.0,0.0,1118.7,805.3744645104466,0.0011011427669154286
1143,2.0,3.0,0.0,1116.75,814.3861041740385,0.0011123560429867408
1130,2.0,3.0,0.0,1115.5,723.4028974201204,0.0009910917413804383
6603,2.0,3.0,0.0,1117.9,711.9037529579226,0.0009771488046349626
6592,2.0,3.0,0.0,1115.6,753.8911035512152,0.0010298287911552665
6571,2.0,3.0,0.0,1118.45,855.3891832204663,0.001177823811500667
1603,2.0,3.0,0.0,1116.9,651.9781392449299,0.0009018923196646831
1387,2.0,3.0,0.0,1114.45,639.7101776004254,0.0008954354848799588
1385,2.0,3.0,0.0,1113.75,815.2432198383603,0.001113829556390893
1367,2.0,3.0,0.0,1115.65,626.0882822286782,0.0008701552609886063
1319,2.0,3.0,0.0,1114.55,646.7836983760252,0.0008961623596987912
1316,2.0,3.0,0.0,1111.95,768.1257345836063,0.0010483907518378534
1308,2.0,3.0,0.0,1114.65,778.491911194898,0.0010620980965290773
1547,2.0,3.0,0.0,1114.5,629.8331113925426,0.000874798121039898
1538,2.0,3.0,0.0,1111.9,829.446526344842,0.0011353754497088928
1534,2.0,3.0,0.0,1116.25,875.8487869556925,0.0012300330603519478
1500,2.0,3.0,0.0,1119.55,710.7611778913594,0.0009750238784463099
1498,2.0,3.0,0.0,1111.15,774.382485724467,0.0010567254239152884
1262,2.0,3.0,0.0,1114.0,836.142925881705,0.0011444353351767991
1653,2.0,3.0,0.0,1118.0,854.2934025465345,0.0011738624867478227
1647,2.0,3.0,0.0,1113.15,691.0714788920098,0.0009501783247623054
1643,2.0,3.0,0.0,1113.8,725.7064982712056,0.000993890742721501
1636,2.0,3.0,0.0,1120.25,825.3036979685015,0.0011337045293976008
1635,2.0,3.0,0.0,1116.55,660.9799918937313,0.0009125378609014727
1626,2.0,3.0,0.0,1108.75,912.4688608857524,0.00157932926091823
6658,2.0,3.0,0.0,1113.05,673.0897256483721,0.0009273560517575
6657,2.0,3.0,0.0,1111.7,711.4396777228595,0.0010290567010185765
6415,2.0,3.0,0.0,1121.95,866.5349033283545,0.0011981562860151798
6409,2.0,3.0,0.0,1117.9,815.9190702715088,0.0011151836870489857
6404,2.0,3.0,0.0,1114.35,872.0913391224107,0.001215167765170092
6399,2.0,3.0,0.0,1113.0,662.4902100008236,0.0009142177773826782
6396,2.0,3.0,0.0,1111.35,633.2060134831672,0.0008788609454395723
6394,2.0,3.0,0.0,1108.55,660.6223321591419,0.0009121205575014893
6627,2.0,3.0,0.0,1109.9,724.5097634239607,0.0009929138152667768
6614,2.0,3.0,0.0,1114.95,808.9299869073565,0.0011046105059974198
1780,2.0,3.0,0.0,1112.1,781.4228437596147,0.0010656969605386591
1773,2.0,3.0,0.0,1117.35,781.5495135467714,0.0010654307148342099
1590,2.0,3.0,0.0,1118.7,856.0450237539243,0.0011763989418100225
1587,2.0,3.0,0.0,1113.8,881.9212320264273,0.001234635107481049
1584,2.0,3.0,0.0,1117.9,910.574387017449,0.0015519715560238828
1560,2.0,3.0,0.0,1114.15,658.464851552706,0.0012738928478990335
1725,2.0,3.0,0.0,1111.8,844.4766536038583,0.0011585017323425247
1712,2.0,3.0,0.0,1118.7,802.789946915468,0.0012046768022013809
1704,2.0,3.0,0.0,1116.45,891.204360364898,0.001286053325260532
1696,2.0,3.0,0.0,1111.2,825.135075622324,0.001128989759948303
1685,2.0,3.0,0.0,1114.95,706.6415315822478,0.0009698524818206523
1494,2.0,3.0,0.0,1116.45,651.7362160926269,0.0009018854551616842
1490,2.0,3.0,0.0,1117.7,502.49923841339165,0.0007213215933460327
1484,2.0,3.0,0.0,1113.1,673.4754588461481,0.0009277151932175291
1481,2.0,3.0,0.0,1118.65,598.1643637803762,0.000836422228265103
1458,2.0,3.0,0.0,1115.55,812.9145775888852,0.0011101698654419874
1678,2.0,3.0,0.0,1115.05,779.1364566337686,0.0010621437046304965
1665,2.0,2.5,1.0,560.6,12.201426605498833,0.00014482308146981904
1660,2.0,3.0,0.0,1114.65,845.8218322818636,0.0011595168060696982
1828,2.0,3.0,0.0,1111.3,809.8558751724499,0.0011065403047750184
1815,2.0,3.0,0.0,1115.2,706.6667086935347,0.0009699327259670667
1802,2.0,3.0,0.0,1117.1,875.4612784391021,0.0012170395418399994
1800,2.0,3.0,0.0,1112.45,666.8775822072755,0.0009199867961292844
6563,2.0,3.0,0.0,1113.65,749.6186335543075,0.0010244306129470631
6548,2.0,3.0,0.0,1117.6,726.5745255029519,0.001161687940690135
6346,2.0,3.0,0.0,1112.15,778.5147383613343,0.0010614468639010754
6345,2.0,3.0,0.0,1114.85,716.2572363680006,0.0009813236801136393
6331,2.0,3.0,0.0,1119.85,832.3538816574397,0.0011417127162277542
6306,2.0,3.0,0.0,1115.95,742.9405176973078,0.0010159985612929554
6485,2.0,3.0,0.0,1117.0,780.0744778983038,0.0010645182106335171
6457,2.0,3.0,0.0,1111.8,817.6707171975049,0.001116997296775295
6449,2.0,3.0,0.0,1118.25,697.2876281360943,0.0009575773794059467
6388,2.0,3.0,0.0,1116.25,775.0229562412183,0.0010577115598099564
1983,2.0,3.0,0.0,1114.3,713.5241293714023,0.000978264238738783
1981,2.0,3.0,0.0,1112.25,853.308179502879,0.0011731589700137391
1977,2.0,3.0,0.0,1112.1,787.6032276130067,0.001074717122164867
1772,2.0,3.0,0.0,1115.1,861.2525224203071,0.0011857272529584054
1758,2.0,3.0,0.0,1109.4,743.7738499108953,0.001017231959853458
1944,2.0,3.0,0.0,1115.7,827.618635598589,0.0011317994027812309
1919,2.0,3.0,0.0,1116.55,677.7683820661364,0.0009329127743003466
1914,2.0,3.0,0.0,1118.55,537.2526711997149,0.0007626658633634455
1911,2.0,3.0,0.0,1113.45,701.8827003760952,0.0009640937149236086
1887,2.0,3.0,0.0,1115.85,847.0448321214787,0.0011607413150750978
1884,2.0,3.0,0.0,1116.2,850.9124819979653,0.0011680962587873912
1857,2.0,3.0,0.0,1114.9,727.6020569000513,0.0009965072288342142
1853,2.0,3.0,0.0,1115.65,776.6456350312423,0.0011240141309024163
1684,2.0,3.0,0.0,1115.85,876.677093174096,0.0012194142834196422
1683,2.0,3.0,0.0,1117.7,879.7606383695253,0.00123621704679739
2061,2.0,3.0,0.0,1114.5,777.3878564601379,0.0010660706172688627
2060,2.0,3.0,0.0,1115.85,773.8615952698781,0.0010557535711724982
1837,2.0,3.0,0.0,1116.75,712.6746844966515,0.0009770999199784128
1836,2.0,3.0,0.0,1113.25,760.0568758652146,0.0010378230186284996
1834,2.0,3.0,0.0,1112.15,660.5965592704221,0.000912066828989346
2047,2.0,3.0,0.0,1109.0,614.7304567782411,0.0008563151394777171
2043,2.0,3.0,0.0,1113.45,710.2941102102565,0.0009739969411211733
2025,2.0,3.0,0.0,1116.35,666.1740629832192,0.0009189388080583348
2018,2.0,3.0,0.0,1113.2,877.1400690713357,0.001220050377933685
2007,2.0,3.0,0.0,1115.45,778.4990162325338,0.0010624730514853453
6431,2.0,3.0,0.0,1117.65,816.6013359679553,0.0011163343689063107
6236,2.0,3.0,0.0,1118.7,839.1921931029743,0.0011506303231412706
6233,2.0,3.0,0.0,1113.9,717.6336860437154,0.000983464131229233
6232,2.0,3.0,0.0,1115.45,833.8819834949561,0.0012528838443169033
6230,2.0,3.0,0.0,1116.8,847.0328752100734,0.001164551411652013
6214,2.0,3.0,0.0,1119.05,714.8691568623618,0.00098022109358679
2121,2.0,3.0,0.0,1116.0,753.9307254500259,0.0010298739046820395
2108,2.0,3.0,0.0,1116.85,821.2613832427543,0.001125861723962285
2106,2.0,3.0,0.0,1115.95,865.8774430515757,0.0012129088550243744
2096,2.0,3.0,0.0,1116.0,769.0725249978742,0.0010503239768530905
2094,2.0,3.0,0.0,1115.85,758.0254425715043,0.0010351590965999625
6367,2.0,3.0,0.0,1114.0,713.7054216280559,0.0010378936478178135
6198,2.0,3.0,0.0,1116.1,873.2368006234053,0.0012120298253839726
6194,2.0,3.0,0.0,1117.75,852.9971676238924,0.0011746292631885698
6183,2.0,3.0,0.0,1110.45,694.3028817221408,0.0009536130781473487
6169,2.0,3.0,0.0,1115.4,843.6585128797097,0.0011571893027777955
6155,2.0,3.0,0.0,1115.3,687.8205317748481,0.0009452527851380276
6154,2.0,3.0,0.0,1116.45,874.787711187142,0.001219016531851504
6139,2.0,3.0,0.0,1115.35,865.082876626696,0.0012466093184598894
6134,2.0,3.0,0.0,1118.8,833.4637511410386,0.0011413626315641457
6122,2.0,3.0,0.0,1112.65,833.3290607094617,0.0011414349144831428
2063,2.0,3.0,0.0,1113.7,740.4601527605245,0.0010128457657774495
2301,2.0,3.0,0.0,1117.45,803.8211626185695,0.0010967168329525
2059,2.0,3.0,0.0,1116.4,788.7247369998917,0.001075693677324799
2057,2.0,3.0,0.0,1114.15,774.3153553944663,0.001056626742720543
2205,2.0,3.0,0.0,1118.3,871.2475826697641,0.0012053984268441253
2201,2.0,3.0,0.0,1118.25,799.7572744016499,0.0010899967726018295
2197,2.0,3.0,0.0,1115.95,865.393355229872,0.0011941003892764132
2181,2.0,3.0,0.0,1112.6,874.1277968457074,0.00121612974117888
2166,2.0,3.0,0.0,1114.0,813.3779193286848,0.0011152935541210898
2164,2.0,3.0,0.0,1112.7,783.0558961384204,0.001068060539326305
2146,2.0,3.0,0.0,1116.5,792.5305127765702,0.001247603333125438
2143,2.0,3.0,0.0,1115.5,898.6621389316452,0.0013798999310034577
2139,2.0,3.0,0.0,1120.2,756.6390850092447,0.0010332533746901951
2133,2.0,3.0,0.0,1112.35,636.6096457057926,0.0008828843997279457
1969,2.0,3.0,0.0,1112.35,797.4111918894023,0.0010898615830464168
1968,2.0,3.0,0.0,1115.3,830.2290971326262,0.0011363557651720248
2131,2.0,3.0,0.0,1113.0,886.4892017339117,0.0012847435949499338
642,2.0,3.0,0.0,1112.95,797.4757941763771,0.001087966084001749
639,2.0,3.0,0.0,1112.65,893.4227763648697,0.001332495445903857
638,2.0,3.0,0.0,1117.15,761.3081313928776,0.001039695575330984
634,2.0,3.0,0.0,1112.35,880.846479318074,0.0012409029009677142
6274,2.0,3.0,0.0,1112.9,693.5581204815073,0.0009533168456907581
6099,2.0,3.0,0.0,1114.05,888.5152266001422,0.0012889531078582304
6093,2.0,3.0,0.0,1117.0,839.4208701132162,0.001152077549740583
6071,2.0,3.0,0.0,1115.05,748.5885189196998,0.0010241972728617962
6058,2.0,3.0,0.0,1118.85,683.8407140349286,0.0009407389503082804
6056,2.0,3.0,0.0,1114.15,868.7919087496635,0.001201689849348587
6046,2.0,3.0,0.0,1114.25,805.0981068178519,0.001098186529956726
6026,2.0,3.0,0.0,1117.6,887.1685308131134,0.0013014808465781126
6019,2.0,3.0,0.0,1112.55,794.7421192392396,0.0011217013419233318
6013,2.0,3.0,0.0,1114.05,728.8436176545698,0.0009975565586284284
632,2.0,3.0,0.0,1116.8,849.4958517273117,0.0011670403301325162
626,2.0,3.0,0.0,1116.25,815.4107924427196,0.0011126762607334883
2269,2.0,3.0,0.0,1114.7,827.7147294545866,0.0011314128346422794
2255,2.0,3.0,0.0,1113.55,795.140475173884,0.0010844475724688107
2246,2.0,3.0,0.0,1116.15,668.7956935937042,0.0009219681151378058
2245,2.0,3.0,0.0,1114.15,867.521387897923,0.0011972810798852184
2232,2.0,3.0,0.0,1115.3,701.1175193131567,0.0009628077376590215
2227,2.0,3.0,0.0,1116.0,816.5837791680347,0.0011170477878239748
2220,2.0,3.0,0.0,1114.1,829.7487765594705,0.0011349077341804579
2212,2.0,3.0,0.0,1118.25,791.8288782351875,0.001079479401345273
2397,2.0,3.0,0.0,1114.25,639.3528875183213,0.0008862916711037829
765,2.0,3.0,0.0,1119.15,781.2692549767459,0.0010653565747341712
735,2.0,3.0,0.0,1116.6,791.3018554456563,0.0011809258423900971
726,2.0,3.0,0.0,1111.65,822.0492101802802,0.001124287269697727
709,2.0,3.0,0.0,1118.3,808.1470321276602,0.0011033573205594784
699,2.0,3.0,0.0,1110.15,742.1380395916702,0.001015252019726777
683,2.0,3.0,0.0,1116.1,848.2393392444437,0.001164212086578413
655,2.0,3.0,0.0,1119.5,793.4279342495303,0.0010816326954146702
5935,2.0,3.0,0.0,1115.25,771.8957874719026,0.001052936109895946
5903,2.0,3.0,0.0,1115.45,811.4137566395273,0.0011066591882777864
5893,2.0,3.0,0.0,1117.1,819.9322325851655,0.0011217064340120271
2542,2.0,3.0,0.0,1115.8,804.7241143636627,0.0010977244365870933
2368,2.0,3.0,0.0,1112.95,711.9749559488625,0.0009772918586883083
2358,2.0,3.0,0.0,1109.3,804.8641197362243,0.0010977519062579755
2352,2.0,3.0,0.0,1119.75,843.8109024097215,0.001157254800122998
2349,2.0,3.0,0.0,1117.25,808.6460683482111,0.0011036694398890434
2339,2.0,3.0,0.0,1114.2,867.1744886096152,0.0011992877864979864
2318,2.0,3.0,0.0,1113.65,859.816164880299,0.0011835775631493673
2317,2.0,3.0,0.0,1117.2,818.4055230928801,0.0011225099459331502
2490,2.0,3.0,0.0,1115.3,761.109781773835,0.001038947558326672
2486,2.0,3.0,0.0,1112.8,764.0837748032345,0.001042920168108143
2470,2.0,3.0,0.0,1117.75,871.3153386737783,0.001205444298804499
2468,2.0,3.0,0.0,1115.35,800.4391125098907,0.0010913124920358956
2461,2.0,3.0,0.0,1114.9,795.1975542143072,0.0010849205901425874
2439,2.0,3.0,0.0,1115.75,767.6705734136311,0.0010471111681400116
2438,2.0,3.0,0.0,1116.45,804.5745401791485,0.0010969760990758768
2422,2.0,3.0,0.0,1118.75,684.691246872977,0.0009424805707063826
2410,2.0,3.0,0.0,1115.65,844.0919647700669,0.0011576361118103991
2594,2.0,3.0,0.0,1111.1,859.5094668530166,0.0011834558101169648
2592,2.0,3.0,0.0,1118.0,528.043068491944,0.0007516895164109367
2570,2.0,3.0,0.0,1111.35,795.5308142042288,0.001085488976528695
6210,2.0,3.0,0.0,1119.35,536.4329231479046,0.0007617173536538001
6204,2.0,3.0,0.0,1117.05,725.487817029867,0.0009934503202172961
5988,2.0,3.0,0.0,1114.55,795.1664158653989,0.0010841133209175792
5979,2.0,3.0,0.0,1116.65,695.6533379201953,0.0009553871320014413
5969,2.0,3.0,0.0,1110.7,730.3515934633841,0.0009997096567032232
5959,2.0,3.0,0.0,1113.6,856.0105391046919,0.0011774770295519981
5956,2.0,3.0,0.0,1114.8,602.2937673418688,0.0008410855303364103
5949,2.0,3.0,0.0,1115.5,805.0375988576523,0.001097924646191011
5937,2.0,3.0,0.0,1112.9,884.2684666719525,0.0012436172085665408
2727,2.0,3.0,0.0,1108.35,863.1728688908298,0.0011909033932415733
2722,2.0,3.0,0.0,1114.9,788.5938705253404,0.0010753001817371448
2541,2.0,3.0,0.0,1116.75,751.8341507069481,0.001027318011079249
2538,2.0,3.0,0.0,1117.0,696.1341621609996,0.0009563591400153308
2530,2.0,3.0,0.0,1114.5,751.7748031798541,0.0010291417087083222
2526,2.0,3.0,0.0,1115.55,800.6006524724306,0.0010927765106744322
2525,2.0,3.0,0.0,1116.55,872.6330790353038,0.0012093738055052037
2513,2.0,3.0,0.0,1115.0,845.082530588991,0.0011595673398485404
2656,2.0,3.0,0.0,1114.7,887.9604183845894,0.001281443158849579
2653,2.0,3.0,0.0,1112.65,705.6601420669498,0.0009685936907092423
2650,2.0,3.0,0.0,1112.15,763.9617013288599,0.0010429467110422358
2646,2.0,3.0,0.0,1115.25,643.7166119788718,0.0008915976840119384
2645,2.0,3.0,0.0,1115.0,853.8867100791985,0.0011742402231578496
2638,2.0,3.0,0.0,1115.35,684.1032628499645,0.0009412052737413964
2451,2.0,3.0,0.0,1118.4,815.8064804875246,0.0011131351600003917
2440,2.0,3.0,0.0,1115.9,697.6022133757867,0.0009581539036052205
2631,2.0,3.0,0.0,1113.85,780.5334958915911,0.001100539174493938
2629,2.0,3.0,0.0,1118.45,695.4276910692251,0.0009552190235713748
2626,2.0,3.0,0.0,1114.25,869.6868910272823,0.0012021667204873303
2624,2.0,3.0,0.0,1117.0,684.5038858228764,0.0009415973155360842
2765,2.0,3.0,0.0,1115.3,843.8976384775775,0.0011569697783420834
2751,2.0,3.0,0.0,1113.5,815.1506593114664,0.0011126803616588665
2737,2.0,3.0,0.0,1110.7,551.6608254553767,0.0007805631845229815
6117,2.0,3.0,0.0,1111.9,769.3034016338166,0.0010494230450274736
6116,2.0,3.0,0.0,1117.55,815.8554956315911,0.0011156837447450921
5809,2.0,3.0,0.0,1119.5,869.9655927587933,0.0012022716199295196
364,2.0,3.0,0.0,1112.65,771.1132670517405,0.001052047794707397
335,2.0,3.0,0.0,1114.6,690.2535175262078,0.0009503136033461025
297,2.0,3.0,0.0,1116.75,853.5996226618934,0.0011731128570408279
279,2.0,3.0,0.0,1116.35,721.544011234961,0.0009885395916785825
249,2.0,3.0,0.0,1116.0,822.4669221398511,0.0011231856790701598
242,2.0,3.0,0.0,1116.45,690.6348724474715,0.0009491662079902503
2696,2.0,3.0,0.0,1114.85,796.5440362835328,0.0010876050666911758
2676,2.0,3.0,0.0,1113.35,749.2567217745695,0.001023804067973162
2859,2.0,3.0,0.0,1112.65,685.2849146057464,0.0009426515508801698
2845,2.0,3.0,0.0,1114.95,639.279648369744,0.000886480797664137
2816,2.0,3.0,0.0,1113.95,716.367322732398,0.0009818911871535673
241,2.0,3.0,0.0,1114.1,662.9870333532083,0.0009153743609595347
6000,2.0,3.0,0.0,1112.9,858.2159246819492,0.0011818879494500266
5992,2.0,3.0,0.0,1113.95,850.2861153498964,0.001172257147536552
5696,2.0,3.0,0.0,1110.7,774.0592513311536,0.001057047875903746
5888,2.0,3.0,0.0,1114.95,887.6058433123951,0.0012611320307855073
5874,2.0,3.0,0.0,1113.3,828.9949069235862,0.0011395353086892568
5871,2.0,3.0,0.0,1117.4,783.5803030689857,0.0011228671762020786
5860,2.0,3.0,0.0,1114.1,759.0251511642584,0.0010365725799845213
5849,2.0,3.0,0.0,1112.8,835.6362907946742,0.0011440334464447633
2798,2.0,3.0,0.0,1114.1,855.5988670785995,0.0011780946586565568
2634,2.0,3.0,0.0,1115.15,883.8434046588435,0.0012497487849205504
5755,2.0,3.0,0.0,1117.5,889.5013207715267,0.0013865381423766097
2978,2.0,3.0,0.0,1118.1,753.6760147992974,0.0010300372384958437
2977,2.0,3.0,0.0,1118.3,820.3650428463744,0.0011200692893755277
2787,2.0,3.0,0.0,1115.05,816.1026621937017,0.0011141414344035584
2784,2.0,3.0,0.0,1114.7,838.1305330667807,0.0011494003915030974
2778,2.0,3.0,0.0,1114.3,791.063527200765,0.001078499002954197
2775,2.0,3.0,0.0,1113.35,798.8625844210551,0.0011022351663058784
2772,2.0,3.0,0.0,1116.2,753.6956068487276,0.0010300321718080894
2950,2.0,3.0,0.0,1116.75,834.5769894445372,0.0011428484922369967
2946,2.0,3.0,0.0,1115.9,858.5332378666229,0.0011840740305407845
2929,2.0,3.0,0.0,1115.8,746.9469465358835,0.0010211028827519543
2918,2.0,3.0,0.0,1116.3,820.4338143280937,0.0011207869046447035
2909,2.0,3.0,0.0,1116.3,754.8250674591544,0.001031082679766747
2901,2.0,3.0,0.0,1116.05,775.0567406466253,0.0010580522787039049
2712,2.0,3.0,0.0,1112.35,784.2352048088172,0.001069985931235281
2703,2.0,3.0,0.0,1116.2,863.4203217985023,0.001197172689147308
2875,2.0,3.0,0.0,1114.45,877.3204287949472,0.0012270505328802962
3065,2.0,3.0,0.0,1115.35,745.7466418111885,0.0010196464100905192
3039,2.0,3.0,0.0,1111.15,773.5773090208729,0.0010553835040215663
3018,2.0,3.0,0.0,1109.8,867.216129464143,0.0012001352296173
3013,2.0,3.0,0.0,1116.4,871.6933009895407,0.0012128287334223953
3001,2.0,3.0,0.0,1115.9,801.283442103438,0.0010927187583293938
5841,2.0,3.0,0.0,1112.6,711.6369919194249,0.0009757448533209935
5629,2.0,3.0,0.0,1112.9,834.2172151440957,0.0011415743698484997
5624,2.0,3.0,0.0,1115.1,520.0629670245388,0.0007423208420837713
5623,2.0,3.0,0.0,1114.5,815.6567826412531,0.0011142759355230684
5797,2.0,3.0,0.0,1115.65,716.2875711235732,0.0009818159610395203
5791,2.0,3.0,0.0,1114.05,809.949542101618,0.0011052118706814515
5772,2.0,3.0,0.0,1113.15,687.3289395549629,0.0010547270718581161
5765,2.0,3.0,0.0,1117.75,728.6304726941186,0.0009975957720238136
5760,2.0,3.0,0.0,1117.45,675.4487132278433,0.0009306053161979355
5757,2.0,3.0,0.0,1115.4,768.2066990364592,0.001060204340683101
2952,2.0,3.0,0.0,1117.9,867.0169571226328,0.0012032410726499883
3181,2.0,3.0,0.0,1116.25,859.5958864907351,0.0011832324901066267
3171,2.0,3.0,0.0,1111.3,782.9506101922788,0.001068113760434753
3169,2.0,3.0,0.0,1115.95,859.8764221350519,0.0011885516390086387
3160,2.0,3.0,0.0,1119.6,870.2541267737661,0.0012020423733188725
3144,2.0,3.0,0.0,1112.9,753.0157097244115,0.0010288837382953354
3132,2.0,3.0,0.0,1116.65,796.0559578435082,0.0010853876099763994
5719,2.0,3.0,0.0,1114.2,831.5064900486614,0.0011379975390673337
5718,2.0,3.0,0.0,1116.25,780.5977804736447,0.0010647055936579292
5568,2.0,3.0,0.0,1110.15,868.4713335678894,0.001201508832210498
5563,2.0,3.0,0.0,1115.2,844.1978247133701,0.0011576464030781304
5691,2.0,3.0,0.0,1119.1,769.3644066792335,0.0010496553503288298
5689,2.0,3.0,0.0,1115.0,710.211392526492,0.0009740304468623886
5687,2.0,3.0,0.0,1111.7,720.8860649505876,0.000987634585639163
3121,2.0,3.0,0.0,1114.9,814.9671156650552,0.0011133347638781676
2881,2.0,3.0,0.0,1114.55,746.0151601554145,0.0010197405098603786
5611,2.0,3.0,0.0,1110.3,827.7440821950023,0.0012418350604018649
5598,2.0,3.0,0.0,1113.85,785.6814888733851,0.0010718456205745333
5595,2.0,3.0,0.0,1114.9,759.2188504719088,0.0010366613357276385
5589,2.0,3.0,0.0,1112.3,795.6350001506014,0.001085096989264241
3332,2.0,3.0,0.0,1114.05,696.2313431858149,0.001066662158055128
3100,2.0,3.0,0.0,1110.5,879.8370119418713,0.001231844532127576
3083,2.0,3.0,0.0,1116.15,759.6856249094066,0.0011211713564144299
3070,2.0,3.0,0.0,1112.5,714.7479190888376,0.0009799753766880975
3291,2.0,3.0,0.0,1116.25,884.0563154226498,0.0012426808095131717
3273,2.0,3.0,0.0,1117.05,803.1365341069717,0.0010953494019853565
3261,2.0,3.0,0.0,1116.7,784.1234345760372,0.0011801148856272385
3246,2.0,3.0,0.0,1115.35,755.6893184013136,0.001032575481420175
3223,2.0,3.0,0.0,1119.9,882.1148625611266,0.0012338036218742488
2969,2.0,3.0,0.0,1116.0,802.3006686349416,0.0010950955028094693
2965,2.0,3.0,0.0,1113.75,729.6119420408896,0.0010347750426870639
2958,2.0,3.0,0.0,1112.2,862.0872766363375,0.0011888987070300153
5421,2.0,3.0,0.0,1113.8,790.1298824426018,0.0010770401524748544
5406,2.0,3.0,0.0,1115.25,857.494328395513,0.001227616712295719
5402,2.0,3.0,0.0,1113.35,845.2328072247539,0.0011593188716890086
5538,2.0,3.0,0.0,1119.65,607.2849701524481,0.0008472129182081734
5533,2.0,3.0,0.0,1112.4,798.0454641935056,0.0010889854410151283
5522,2.0,3.0,0.0,1113.4,736.1268533876423,0.0010076755954804575
3195,2.0,3.0,0.0,1114.3,586.3370635918517,0.0008219492552525205
3414,2.0,3.0,0.0,1113.75,862.8679428885918,0.001191062497206232
3404,2.0,3.0,0.0,1115.95,784.0103313326473,0.0011792076379843394
3397,2.0,3.0,0.0,1116.55,829.1776514624602,0.0011374269344884592
3365,2.0,3.0,0.0,1112.25,761.4017125441475,0.0010394520627030196
3359,2.0,3.0,0.0,1113.6,619.8022865358918,0.0008625200608831463
3341,2.0,3.0,0.0,1112.6,804.3524749296823,0.0010970213433041745
5651,2.0,3.0,0.0,1111.85,788.5934973077979,0.0011321919360297815
5641,2.0,3.0,0.0,1114.15,721.6607490902098,0.000988672193260884
5507,2.0,3.0,0.0,1112.35,847.8732308555002,0.001166342322873312
5340,2.0,3.0,0.0,1118.8,750.519417502296,0.0010263526617875435
5311,2.0,3.0,0.0,1119.3,732.2786781470052,0.0010022367702450879
5460,2.0,3.0,0.0,1118.95,648.7755352405613,0.0008978229803408669
5458,2.0,3.0,0.0,1115.65,678.5829990423622,0.0009341836353996719
5457,2.0,3.0,0.0,1115.35,875.0484126609408,0.0013270430286124193
5455,2.0,3.0,0.0,1114.8,706.3902799750979,0.0009690152336759586
3506,2.0,3.0,0.0,1114.7,835.7917934266444,0.0011456631048310279
3490,2.0,3.0,0.0,1115.5,665.2811029452906,0.0009176263307241254
3480,2.0,3.0,0.0,1116.7,803.422526157862,0.001095922894777666
3466,2.0,3.0,0.0,1113.1,841.7281581417643,0.0011537837560176168
3465,2.0,3.0,0.0,1115.95,769.4667455997965,0.0010495080798307746
3462,2.0,3.0,0.0,1119.05,668.6502463141809,0.0009220522877909689
3448,2.0,3.0,0.0,1113.2,618.8167436084798,0.0008613667219637298
5587,2.0,3.0,0.0,1113.95,682.7581716042739,0.0009396060441658058
5582,2.0,3.0,0.0,1112.9,809.3814349015912,0.0011049984303361446
5422,2.0,3.0,0.0,1116.55,830.2013122176941,0.0011358783739590353
5228,2.0,3.0,0.0,1113.05,801.6370868150087,0.0010944424712793742
5365,2.0,3.0,0.0,1114.05,863.6497668538675,0.0011918394436017947
3620,2.0,3.0,0.0,1118.85,828.3940114903861,0.0011329221818764713
3615,2.0,3.0,0.0,1114.45,818.7037824681256,0.0011191006236372604
3423,2.0,3.0,0.0,1117.0,773.0985778157026,0.0010544190371089435
3601,2.0,3.0,0.0,1114.65,725.0715743755163,0.0009933357804325655
3598,2.0,3.0,0.0,1114.55,801.0015723624122,0.001092712679323141
3593,2.0,3.0,0.0,1115.75,882.7462554511012,0.0012463040846375653
3581,2.0,3.0,0.0,1116.75,701.0590204979289,0.0009626508348424204
3565,2.0,3.0,0.0,1114.7,853.174312611333,0.0011726722190894105
3560,2.0,3.0,0.0,1111.95,699.3955745287273,0.000960739207440129
3539,2.0,3.0,0.0,1119.1,795.5941859959655,0.001085125408381616
3529,2.0,3.0,0.0,1114.2,766.6816810785971,0.0010463321557972615
5516,2.0,3.0,0.0,1117.6,740.5670253562457,0.0010128196168409972
5515,2.0,3.0,0.0,1116.55,675.358614606137,0.000930089915229804
5511,2.0,3.0,0.0,1118.0,735.311936781234,0.0010059978270530404
3505,2.0,3.0,0.0,1119.6,845.4004656291855,0.0011606654532643867
3687,2.0,3.0,0.0,1115.35,829.6327436244035,0.00113455927201232
3659,2.0,3.0,0.0,1118.4,753.7148776707833,0.0010294946047614782
3657,2.0,3.0,0.0,1116.45,641.584069291074,0.0009489109724965338
3636,2.0,3.0,0.0,1120.4,845.0069207818246,0.001158879064698584
3634,2.0,3.0,0.0,1116.9,777.028205818737,0.0010606349217187024
3631,2.0,3.0,0.0,1117.65,753.0260657043316,0.001028994607160944
3626,2.0,3.0,0.0,1114.8,747.9374797633244,0.0010222368943966053
3625,2.0,3.0,0.0,1115.75,802.7301398644157,0.001094822416974416
5450,2.0,3.0,0.0,1115.1,881.6184498975249,0.0012369966073046221
5431,2.0,3.0,0.0,1111.35,779.5415521010359,0.0010630858973213078
5423,2.0,3.0,0.0,1111.75,670.2802993171604,0.0009238780036893268
5272,2.0,3.0,0.0,1112.9,867.2027026864408,0.0011988785784011978
5271,2.0,3.0,0.0,1113.5,854.4590996388425,0.001174008174072525
5250,2.0,3.0,0.0,1116.25,790.622443033012,0.0010777131750816208
5230,2.0,3.0,0.0,1117.4,751.9364932795983,0.001027289297687944
5299,2.0,3.0,0.0,1115.4,776.5221471829152,0.0010593284228501173
5297,2.0,3.0,0.0,1114.15,897.2216437872027,0.0013740710229739222
5284,2.0,3.0,0.0,1115.45,883.8966059818492,0.0012672539565921938
5283,2.0,3.0,0.0,1112.9,861.8217868871617,0.0011880075081799307
5279,2.0,3.0,0.0,1116.1,659.5515544712607,0.0009109462433014204
3902,2.0,3.0,0.0,1114.4,855.878612834875,0.001178011667093872
3895,2.0,3.0,0.0,1118.45,667.4235777246786,0.0009204002395615518
597,2.0,3.0,0.0,1113.8,833.0890822702389,0.0011390431363376692
570,2.0,3.0,0.0,1114.9,743.6166313628833,0.0010165799287359554
547,2.0,3.0,0.0,1117.6,762.2502171200153,0.0010404807987874905
543,2.0,3.0,0.0,1114.8,653.3264488696428,0.0009032779171851917
538,2.0,3.0,0.0,1117.8,732.2475736318336,0.0010019866710532926
537,2.0,3.0,0.0,1113.3,822.010722641878,0.0011262707531570699
534,2.0,3.0,0.0,1111.3,865.3853296620135,0.001195361141543967
531,2.0,3.0,0.0,1113.85,827.9279078853012,0.001131547964458609
3806,2.0,3.0,0.0,1118.1,709.5450869914059,0.000973344559650905
3970,2.0,3.0,0.0,1112.95,724.3598410106938,0.0009917609060159133
3789,2.0,3.0,0.0,1113.25,722.2042920060115,0.0010440373185685104
3779,2.0,3.0,0.0,1117.9,781.7805837241915,0.001066619743611804
3764,2.0,3.0,0.0,1115.65,731.4842225443631,0.001001151389814945
3758,2.0,3.0,0.0,1110.9,808.2519358238881,0.0011059482564139277
3747,2.0,3.0,0.0,1115.65,726.4328564014268,0.0009947464348682169
3742,2.0,3.0,0.0,1115.95,765.9073713293097,0.0010454237598297935
3735,2.0,3.0,0.0,1117.15,826.3598729925675,0.0011309905096695799
3725,2.0,3.0,0.0,1112.35,882.7996000203618,0.0012304241194511052
5345,2.0,3.0,0.0,1115.1,856.361046993341,0.0011807352167442211
5158,2.0,3.0,0.0,1116.9,688.8332176334249,0.0009469391715165313
5149,2.0,3.0,0.0,1115.6,803.8915452322475,0.0010958716135530382
5148,2.0,3.0,0.0,1115.3,703.450000053342,0.00096541782600661
5112,2.0,3.0,0.0,1115.8,835.8392316384335,0.0011448764316413869
5105,2.0,3.0,0.0,1111.85,703.7681052535128,0.0009662638790746264
5104,2.0,3.0,0.0,1116.9,862.8614694269899,0.0011900610281094222
3850,2.0,3.0,0.0,1117.4,834.0411353066545,0.0011421586241203783
3827,2.0,3.0,0.0,1112.6,627.5816328004167,0.0008719969273377401
3821,2.0,3.0,0.0,1110.9,790.843406594302,0.001078602453599721
3817,2.0,3.0,0.0,1111.95,721.7813882212955,0.000988910197623143
3808,2.0,3.0,0.0,1114.15,588.3522660525509,0.0008243205569189088
3983,2.0,3.0,0.0,1117.9,728.3966789368716,0.000997200255354711
5277,2.0,3.0,0.0,1111.65,793.5665908510673,0.0010818975230778884
5055,2.0,3.0,0.0,1116.1,629.5553053205241,0.0008743622596147274
5029,2.0,3.0,0.0,1119.6,765.6294259923436,0.0010453417339964445
5026,2.0,3.0,0.0,1116.15,665.3724576358809,0.0009179593436308565
5217,2.0,3.0,0.0,1113.7,859.9632253074906,0.0011889766352373469
5209,2.0,3.0,0.0,1113.0,788.6214054182889,0.0010823149751116852
5205,2.0,3.0,0.0,1117.9,659.869460904514,0.0009112513401289104
5202,2.0,3.0,0.0,1114.3,695.082530345562,0.001065813086653732
5191,2.0,3.0,0.0,1117.25,906.0006193235425,0.0014677408046770335
5188,2.0,3.0,0.0,1116.4,830.7664402129703,0.0011377973774966224
3935,2.0,3.0,0.0,1116.2,762.8315874410243,0.0010425472877574867
3926,2.0,3.0,0.0,1115.4,783.4582784603717,0.001068414479008948
3925,2.0,3.0,0.0,1115.65,796.3733217427396,0.0011144772418994835
3921,2.0,3.0,0.0,1111.45,744.8620349353531,0.0010181799025749296
3918,2.0,3.0,0.0,1117.15,848.2529957594742,0.0011637786662696168
3913,2.0,3.0,0.0,1110.9,870.1817114766183,0.0012016257037054787
3909,2.0,3.0,0.0,1118.85,694.4870113912345,0.0009541621338377349
3905,2.0,3.0,0.0,1114.45,830.2055451126565,0.001135770078780359
4106,2.0,3.0,0.0,1108.5,864.3638580831604,0.0011968220697683774
4056,2.0,3.0,0.0,1114.55,817.8012505533601,0.0011168640519876765
4037,2.0,3.0,0.0,1118.9,840.5628237511612,0.00115864060206103
4026,2.0,3.0,0.0,1112.45,853.0805429513738,0.0011768681188065475
4018,2.0,3.0,0.0,1115.6,743.2656706438265,0.00101636599775319
3877,2.0,3.0,0.0,1115.85,767.0847541535278,0.0010470564156578833
3866,2.0,3.0,0.0,1114.55,711.2298468648934,0.0009758815251185569
3853,2.0,3.0,0.0,1117.55,744.2370875975796,0.001017611244500886
5079,2.0,3.0,0.0,1115.35,822.0971056756775,0.001123422307880808
5075,2.0,3.0,0.0,1119.6,792.1288897451234,0.0010808932689269895
4307,2.0,3.0,0.0,1116.65,734.4533522480159,0.0010048901565769771
4013,2.0,3.0,0.0,1115.6,893.3458282567486,0.001296145617079929
4012,2.0,3.0,0.0,1118.95,756.949294801011,0.0010344831322609703
4008,2.0,3.0,0.0,1114.5,761.6191894101241,0.0010399679997403313
4005,2.0,3.0,0.0,1116.5,857.0748382697726,0.001186022524361156
3990,2.0,3.0,0.0,1117.55,719.3772338265175,0.0009865724529408777
3985,2.0,3.0,0.0,1116.6,715.202081187882,0.0009806205694472842
3984,2.0,3.0,0.0,1116.05,848.2841316002792,0.0011625088914295923
4243,2.0,3.0,0.0,1113.65,879.1853215772342,0.0012285410342881469
4239,2.0,3.0,0.0,1117.55,897.2826937954293,0.0013400482938258993
4213,2.0,3.0,0.0,1112.05,675.1100535592117,0.0009299531784762889
4205,2.0,3.0,0.0,1119.2,689.0938706054303,0.0009474242106729901
4188,2.0,3.0,0.0,1113.75,812.7272356647018,0.001110496492408891
3948,2.0,3.0,0.0,1109.8,904.189847323825,0.0013800450280431053
4904,2.0,3.0,0.0,1113.15,569.4086958073758,0.000801157312979286
4886,2.0,3.0,0.0,1118.85,787.4759801080346,0.001077932543113602
4882,2.0,3.0,0.0,1113.55,756.4072706467571,0.0010332953556556773
4394,2.0,3.0,0.0,1111.4,786.0803781822999,0.0010723199258546212
4378,2.0,3.0,0.0,1116.2,831.7910198582431,0.0011489731481522944
4186,2.0,3.0,0.0,1112.65,646.6289839480272,0.0008950067340249664
4169,2.0,3.0,0.0,1115.25,700.0312611216405,0.0009819979721382443
4143,2.0,3.0,0.0,1108.7,813.6606317544496,0.001111189415021815
4140,2.0,3.0,0.0,1115.75,699.2378173261584,0.000960329918340217
4319,2.0,3.0,0.0,1113.25,727.206829835029,0.000995673009836862
4315,2.0,3.0,0.0,1117.9,801.64493301588,0.0010929348776143708
5179,2.0,3.0,0.0,1116.7,728.8784567983594,0.0009978277207223236
4987,2.0,3.0,0.0,1111.2,840.1566593487096,0.0011531138330709326
4973,2.0,3.0,0.0,1114.95,861.0503112573781,0.001188709735981755
5096,2.0,3.0,0.0,1112.55,782.8011033437302,0.0010673304491858806
5083,2.0,3.0,0.0,1116.55,753.701144254435,0.0010297438778272942
4839,2.0,3.0,0.0,1117.4,624.6900306152,0.0008685353125936651
4821,2.0,3.0,0.0,1115.25,714.5500413872063,0.0009803161306965798
4805,2.0,3.0,0.0,1111.85,802.8044780351773,0.0010945450227458492
4955,2.0,3.0,0.0,1116.75,895.8036227789037,0.0013525265371006317
4442,2.0,3.0,0.0,1112.85,666.2611058791407,0.0009188132959400883
4438,2.0,3.0,0.0,1118.05,764.1688460828946,0.0010432323460968858
4428,2.0,3.0,0.0,1113.2,787.4225429416782,0.0010732646924852857
4427,2.0,3.0,0.0,1114.8,794.2363069108147,0.0010830052640894102
4423,2.0,3.0,0.0,1115.55,704.5963921514034,0.0009675309474440742
4402,2.0,3.0,0.0,1117.5,621.2044731752859,0.0008642432791822614
5068,2.0,3.0,0.0,1118.1,799.0478309773686,0.0010892715026307484
4930,2.0,3.0,0.0,1117.15,790.7970712809672,0.0010783868640814028
4919,2.0,3.0,0.0,1115.8,682.9210313991716,0.001105379549660747
4914,2.0,3.0,0.0,1110.55,701.972522080328,0.000963712199789801
4910,2.0,3.0,0.0,1115.45,778.7484838164676,0.0010618602339103373
4908,2.0,3.0,0.0,1114.3,736.162524014127,0.0010074114493728251
4517,2.0,3.0,0.0,1115.05,688.7144868172875,0.0009468375669362547
4506,2.0,3.0,0.0,1114.65,806.4303325385318,0.0011014345628965754
522,2.0,3.0,0.0,1114.25,698.4342382302164,0.0009592560697782742
4356,2.0,3.0,0.0,1113.15,726.5052602295251,0.000994670927355206
4344,2.0,3.0,0.0,1111.55,789.2477827181982,0.0010763318553534812
4505,2.0,3.0,0.0,1113.05,874.70006470192,0.0012369353790453433
4498,2.0,3.0,0.0,1118.4,839.2788873514329,0.0011490163551473307
4481,2.0,3.0,0.0,1111.05,879.7086156492174,0.001234921167420199
4475,2.0,3.0,0.0,1114.55,789.241453907892,0.0010766975152286507
4470,2.0,3.0,0.0,1114.85,706.7609307615993,0.0010248199827423117
4461,2.0,3.0,0.0,1117.3,659.385336255855,0.0009109698935197312
4456,2.0,3.0,0.0,1116.05,776.5855903444908,0.0011360189474505338
4445,2.0,3.0,0.0,1117.05,838.9113014773405,0.00115347026940829
5019,2.0,3.0,0.0,1111.9,793.4779687988736,0.0010825176422353871
5008,2.0,3.0,0.0,1117.5,716.2084379884544,0.000981758921645019
4855,2.0,3.0,0.0,1115.35,637.290026619068,0.0008839735724462272
4630,2.0,3.0,0.0,1113.7,749.7921284329934,0.0010246230892360484
4546,2.0,3.0,0.0,1113.35,772.7134060769858,0.001054941243936743
4533,2.0,3.0,0.0,1118.85,798.5602949372767,0.0010904882798538152
4531,2.0,3.0,0.0,1112.95,836.3591303484045,0.0011446767045355962
4528,2.0,3.0,0.0,1116.55,881.9131243170318,0.0012694032509388276
4527,2.0,3.0,0.0,1118.3,822.83623216343,0.0011247643478480612
4945,2.0,3.0,0.0,1118.35,829.2703274822879,0.0011348113453845327
4766,2.0,3.0,0.0,1113.7,665.1021387902341,0.0009175013246939777
4757,2.0,3.0,0.0,1110.85,772.4522244999027,0.0010534725117359116
4756,2.0,3.0,0.0,1112.35,686.6668729929427,0.0009444898966426307
4754,2.0,3.0,0.0,1117.0,863.0034992163314,0.0011914812267485345
4741,2.0,3.0,0.0,1114.3,839.8691399360619,0.0011539493975678355
4738,2.0,3.0,0.0,1112.3,854.5435926998603,0.0011974502659917517
4737,2.0,3.0,0.0,1116.85,890.2101617244967,0.001302132259131738
4722,2.0,3.0,0.0,1120.0,644.4556105647874,0.0008924774601620196
4721,2.0,3.0,0.0,1113.5,715.0149691658319,0.0009801267622281224
4778,2.0,3.0,0.0,1113.55,771.7568527249712,0.0010528952367528082
493,2.0,3.0,0.0,1116.45,877.1916827324571,0.0012207618628000988
488,2.0,3.0,0.0,1114.25,858.7854217198878,0.0011814933765377223
477,2.0,3.0,0.0,1113.35,871.4067144093602,0.0012057193079595394
475,2.0,3.0,0.0,1118.1,787.1434690606933,0.0010741979345134929
472,2.0,3.0,0.0,1112.25,880.0842354248734,0.0012383623274377228
458,2.0,3.0,0.0,1113.95,856.2937224672513,0.0012860437281594997
438,2.0,3.0,0.0,1115.5,793.0287314696855,0.0010815662844323964
412,2.0,3.0,0.0,1115.5,740.6155240542969,0.0010128871223597776
396,2.0,3.0,0.0,1118.9,670.6041250682445,0.0009242096685146779
386,2.0,3.0,0.0,1116.1,837.7757816872162,0.0011493900059776452
385,2.0,3.0,0.0,1115.0,664.6219213251677,0.0009172534732294295
4719,2.0,3.0,0.0,1115.45,834.2560138316234,0.0011418334127497249
4431,2.0,3.0,0.0,1115.1,846.8138369593019,0.0011637742945014987
4643,2.0,3.0,0.0,1111.55,830.0739691491849,0.0011361723791598062
4642,2.0,3.0,0.0,1114.7,832.6114734697121,0.0011392413171808827
845,2.0,3.0,0.0,1114.5,642.9800855383933,0.0008906664901591225
843,2.0,3.0,0.0,1113.5,877.3432022172393,0.001221938928376662
840,2.0,3.0,0.0,1115.5,829.8279294151112,0.0011343360089467777
833,2.0,3.0,0.0,1111.3,816.0189386886971,0.0011252111820314683
808,2.0,3.0,0.0,1115.05,861.5985749250973,0.001192513562699126
795,2.0,3.0,0.0,1118.25,834.2862277731836,0.0011421522119212817
791,2.0,3.0,0.0,1116.35,813.9539182240923,0.0011121775281253017
771,2.0,3.0,0.0,1113.35,816.4626231862147,0.0011154992983845894
961,2.0,3.0,0.0,1116.15,775.665008453091,0.0010580006852372492
19,2.0,3.0,0.0,1111.1,867.9393260592274,0.0012130536543629251
7142,2.0,3.0,0.0,1115.3,874.3798100496268,0.0012218985780515922
129,2.0,3.0,0.0,1115.0,762.4035470570929,0.001041527853911305
6825,2.0,3.0,0.0,1112.4,772.74058975068,0.0010539276979004589
7066,2.0,3.0,0.0,1114.45,829.2348639699039,0.0011352944416097982
7046,2.0,3.0,0.0,1116.65,782.7523243661396,0.001067525653809469
7043,2.0,3.0,0.0,1115.95,880.4935830825713,0.0012377360573220119
185,2.0,3.0,0.0,1119.1,800.8262653626147,0.001091933782268025
221,2.0,3.0,0.0,1114.35,616.3569998704684,0.0008583270434100373
226,2.0,3.0,0.0,1118.25,817.6007843346605,0.001118668239271288
229,2.0,3.0,0.0,1114.55,894.5037048486427,0.001312901863751453
7141,2.0,3.0,0.0,1117.35,669.9139065241945,0.0009237516672892626
7079,2.0,3.0,0.0,1113.55,793.1973538252671,0.0010815706850172842
36,2.0,3.0,0.0,1119.55,736.8931589064092,0.0010082104130036012
64,2.0,3.0,0.0,1114.95,802.7471264946739,0.0010955189363101494
75,2.0,3.0,0.0,1115.3,881.5204443094029,0.001236757256380888
97,2.0,3.0,0.0,1117.45,782.8500626957094,0.0010680334992570137
98,2.0,3.0,0.0,1114.85,878.9010084129378,0.001296686179336975
120,2.0,3.0,0.0,1117.8,749.1557435216648,0.0010237026876356659
127,2.0,3.0,0.0,1112.55,818.131541972752,0.00111830554369019
7162,2.0,3.0,0.0,1110.8,722.2035245178173,0.0009894786781904253
6897,2.05,3.0,0.21794494717703367,1117.65,511.15883167636343,0.0007314963767240527
896,2.05,3.0,0.21794494717703367,1118.5,505.7491154065078,0.0008352680530552708
4803,2.05,3.0,0.21794494717703367,1116.4,656.1540384939743,0.0009287888137568431
4819,2.05,3.0,0.21794494717703367,1117.95,632.3440536043827,0.0009877613635846697
4801,2.05,3.0,0.21794494717703367,1116.2,709.1243932539323,0.0009731714211920679
2372,2.05,3.0,0.21794494717703367,1115.85,629.0209859736547,0.0008737106366308579
767,2.05,3.0,0.21794494717703367,1113.65,666.8811641537376,0.000919880490784284
2225,2.05,3.0,0.21794494717703367,1115.55,630.6749090500124,0.0008756805872611766
723,2.05,3.0,0.21794494717703367,1116.1,677.605559195044,0.0009330239657447894
2392,2.05,3.0,0.21794494717703367,1116.3,660.9671484187364,0.000912341535537336
6362,2.05,3.0,0.21794494717703367,1113.15,671.8680380739753,0.0009260047476878804
5066,2.05,3.0,0.21794494717703367,1114.9,568.1422130302437,0.000799931011120156
4275,2.05,3.0,0.21794494717703367,1114.85,612.0302346628707,0.0008552054189258704
5071,2.05,3.0,0.21794494717703367,1115.45,727.7457724053436,0.000996353497820296
21,2.05,3.0,0.21794494717703367,1112.3,528.2941236327214,0.0007519267578134086
6018,2.05,3.0,0.21794494717703367,1111.8,820.7634918996625,0.0011222488082599325
2506,2.05,3.0,0.21794494717703367,1111.55,876.4307777213745,0.0012139477757342274
2511,2.05,3.0,0.21794494717703367,1113.45,681.7403683319823,0.0009380749273595431
6178,2.05,3.0,0.21794494717703367,1120.15,518.6523962418106,0.0007404685949920992
5025,2.05,3.0,0.21794494717703367,1115.75,559.7590078305469,0.0007895136479675528
4182,2.05,3.0,0.21794494717703367,1118.1,612.1955260850266,0.0008532439929050037
320,2.05,3.0,0.21794494717703367,1111.7,719.4819358204601,0.0009858752652669692
6749,2.05,3.0,0.21794494717703367,1114.9,580.046154015349,0.000814102794828066
4313,2.05,3.0,0.21794494717703367,1112.95,519.5852333687253,0.0007415649882159744
1266,2.05,3.0,0.21794494717703367,1114.7,652.2678805451384,0.0009019989782061406
1045,2.05,3.0,0.21794494717703367,1114.85,656.5490021319879,0.0009071818636217685
6763,2.05,3.0,0.21794494717703367,1113.85,726.0319888835437,0.000994653569347883
2355,2.05,3.0,0.21794494717703367,1118.5,646.0125897477691,0.000895060430134855
2366,2.05,3.0,0.21794494717703367,1112.85,679.8734653438888,0.0009360868980855078
2549,2.05,3.0,0.21794494717703367,1114.55,681.5730157128435,0.0009382753125163443
5982,2.05,3.0,0.21794494717703367,1117.9,689.0418727675916,0.0009475357971918704
2414,2.05,3.0,0.21794494717703367,1115.3,511.00164897941585,0.0007312924714192294
4975,2.05,3.0,0.21794494717703367,1111.65,586.6211489741472,0.0008225267192376632
4969,2.05,3.0,0.21794494717703367,1111.5,610.0057095792994,0.0008505035367365515
5172,2.05,3.0,0.21794494717703367,1112.25,625.9708499355539,0.0008699803866342869
4994,2.05,3.0,0.21794494717703367,1112.4,757.9791889567351,0.001035179973710113
3989,2.05,3.0,0.21794494717703367,1112.05,573.1965565129592,0.0008060371544160853
2141,2.05,3.0,0.21794494717703367,1120.0,618.135310377683,0.0008605684922170371
2118,2.05,3.0,0.21794494717703367,1116.35,601.3564770391022,0.0008400217165983725
5878,2.05,3.0,0.21794494717703367,1115.5,625.3134595037837,0.0009793852846954883
357,2.05,3.0,0.21794494717703367,1112.05,801.022008989188,0.0010926860567105588
370,2.05,3.0,0.21794494717703367,1117.8,740.3205081332432,0.0010127939194551397
5854,2.05,3.0,0.21794494717703367,1111.85,621.2935492059892,0.0008642779409195187
294,2.05,3.0,0.21794494717703367,1113.1,712.9531143956634,0.0009773576300969086
1755,2.05,3.0,0.21794494717703367,1107.05,652.7394985174273,0.0009024916867662198
6211,2.05,3.0,0.21794494717703367,1114.0,594.2710294632183,0.0008315575245493674
6220,2.05,3.0,0.21794494717703367,1120.25,530.0943624745469,0.0007541165490778999
1764,2.05,3.0,0.21794494717703367,1117.05,669.8330608085423,0.0009234746193782947
2839,2.05,3.0,0.21794494717703367,1115.7,614.705947817423,0.0008564393935553483
1261,2.05,3.0,0.21794494717703367,1111.7,635.8715154086818,0.0008825802544463881
1135,2.05,3.0,0.21794494717703367,1114.55,588.481465233896,0.0008244462135118784
5394,2.05,3.0,0.21794494717703367,1118.05,521.5650478318693,0.0007440825980764991
2993,2.05,3.0,0.21794494717703367,1114.85,533.3727861915953,0.0007600785603066395
5794,2.05,3.0,0.21794494717703367,1117.45,707.4398119230752,0.0009714116490575696
2920,2.05,3.0,0.21794494717703367,1113.1,751.739587027968,0.0010269330957879627
2671,2.05,3.0,0.21794494717703367,1116.95,516.0148769494767,0.0007374734467804591
5165,2.05,3.0,0.21794494717703367,1119.3,628.6841742661452,0.0008734479087828317
5835,2.05,3.0,0.21794494717703367,1116.1,567.5066483130498,0.0007991800586811283
3689,2.05,3.0,0.21794494717703367,1111.9,586.1079095823445,0.0008796693991448625
5361,2.05,3.0,0.21794494717703367,1116.75,684.4462646670618,0.0009414960803515784
3691,2.05,3.0,0.21794494717703367,1116.9,667.940522273764,0.000920999074063947
3979,2.05,3.0,0.21794494717703367,1113.15,691.2423701757529,0.000950001309727896
3847,2.05,3.0,0.21794494717703367,1115.75,862.2773512797913,0.0011865759148195793
4116,2.05,3.0,0.21794494717703367,1113.45,756.6871502580833,0.001034762419806213
5505,2.05,3.0,0.21794494717703367,1113.55,585.5287684302496,0.0008208562988637928
3464,2.05,3.0,0.21794494717703367,1113.25,861.5603506981744,0.0011845780717882665
5524,2.05,3.0,0.21794494717703367,1117.2,528.8346756427208,0.0007528860528613829
5417,2.05,3.0,0.21794494717703367,1117.25,873.3333003476029,0.001207756995297277
3399,2.05,3.0,0.21794494717703367,1118.65,767.1316557778816,0.0010486015361710684
5652,2.05,3.0,0.21794494717703367,1115.4,739.1983346429796,0.0010113536955210604
1817,2.05,3.0,0.21794494717703367,1115.8,756.7368753131623,0.001033616378178732
1823,2.05,3.0,0.21794494717703367,1114.65,742.613057496967,0.001015539427477835
6349,2.05,3.0,0.21794494717703367,1117.0,793.8867147895003,0.0010828093197177645
5734,2.05,3.0,0.21794494717703367,1116.7,769.2023932170397,0.0010553442367550532
6296,2.05,3.0,0.21794494717703367,1116.3,650.8765349498436,0.0009002592390993828
6338,2.05,3.0,0.21794494717703367,1108.65,656.3443790748706,0.0009074938970309025
1795,2.05,3.0,0.21794494717703367,1115.0,626.7525091676421,0.0008709756802686106
1641,2.05,3.0,0.21794494717703367,1114.7,668.6122666242628,0.0009217771368460686
1698,2.05,3.0,0.21794494717703367,1113.95,563.740032234065,0.0007944276082658824
3124,2.05,3.0,0.21794494717703367,1113.2,567.4168017212693,0.0007989397182308935
5590,2.05,3.0,0.21794494717703367,1115.7,730.8121651927019,0.0010004872687943847
3254,2.05,3.0,0.21794494717703367,1115.6,553.3505267971717,0.0007818516727156285
3233,2.05,3.0,0.21794494717703367,1116.2,743.0259115762476,0.0010163547953272018
3170,2.05,3.0,0.21794494717703367,1119.3,524.3669584303053,0.0007473055358341652
1556,2.05,3.0,0.21794494717703367,1111.8,530.4910081075705,0.0007547782615437735
3569,2.05,3.0,0.21794494717703367,1116.55,647.2835367021647,0.0008979950397450313
6386,2.05,3.0,0.21794494717703367,1113.65,578.139589165628,0.0008121739346178308
5660,2.05,3.0,0.21794494717703367,1111.15,676.7087162978249,0.001041891491858587
1615,2.05,3.0,0.21794494717703367,1116.95,574.7915550017411,0.0008077559708103442
877,2.05,3.0,0.21794494717703367,1118.65,650.8809509482321,0.0009220428654772272
946,2.05,3.0,0.21794494717703367,1114.45,670.3001584411026,0.000978330072985032
4752,2.05,3.0,0.21794494717703367,1114.3,724.3096592659774,0.0009922945311824044
452,2.05,3.0,0.21794494717703367,1114.6,555.0852336717015,0.000784174139881306
506,2.05,3.0,0.21794494717703367,1115.8,677.4012038272889,0.0009330020124991242
7121,2.05,3.0,0.21794494717703367,1115.1,576.2411188908158,0.0008096078094385647
3211,2.05,3.0,0.21794494717703367,1116.0,684.162413496523,0.0009413809987929053
4876,2.05,3.0,0.21794494717703367,1116.85,693.9327374111376,0.0009530889138758026
352,2.1,3.0,0.3,1113.95,545.2182397664058,0.0007721054122405671
5802,2.1,3.0,0.3,1114.0,515.9557414328619,0.0008474884110857023
2484,2.1,3.0,0.3,1115.25,588.5870897133578,0.0008249038887296695
1267,2.1,3.0,0.3,1112.8,544.22561689675,0.0007719131456214639
1042,2.1,3.0,0.3,1119.5,574.0497952572146,0.0008070574954907341
1015,2.1,3.0,0.3,1112.05,562.1943189428791,0.000792675228480438
4329,2.1,3.0,0.3,1115.05,637.3213688228832,0.0008836993722340978
4962,2.1,3.0,0.3,1117.4,627.4590892591501,0.000871850613061096
4441,2.1,2.65,0.99498743710662,611.8,15.713433136789742,0.0001491049128884172
2258,2.1,3.0,0.3,1112.8,490.44471154763403,0.0007069404856988632
102,2.1,3.0,0.3,1112.75,493.8000126636809,0.0007112517510902448
4279,2.1,3.0,0.3,1112.65,531.6911382314545,0.0007560665533431477
5278,2.1,3.0,0.3,1112.8,524.7705080943864,0.0007477640782238498
1516,2.1,3.0,0.3,1113.65,540.8520994576118,0.0008216143323527801
2687,2.1,3.0,0.3,1119.35,626.3837206381422,0.0008705223209490701
6255,2.1,3.0,0.3,1113.5,572.0782340166311,0.000804655064847233
6434,2.1,3.0,0.3,1117.1,524.6343380145457,0.0007474918772483061
6229,2.1,3.0,0.3,1111.1,589.3119980997701,0.0008254951607131037
5221,2.1,3.0,0.3,1117.45,567.776877348899,0.0007992838436595482
558,2.1,3.0,0.3,1112.95,561.2038630593098,0.0008141118544752509
3875,2.1,3.0,0.3,1112.9,701.888751437195,0.0009637022012253776
1461,2.1,3.0,0.3,1117.0,589.2987467394107,0.0008257490536751059
6580,2.1,3.0,0.3,1115.75,515.4998896590353,0.0007877100184412765
5910,2.1,3.0,0.3,1114.65,538.2816114034871,0.0007639377997591283
7159,2.1,3.0,0.3,1114.65,601.2265716506882,0.0008402273811243405
925,2.1,3.0,0.3,1113.25,601.0126685590332,0.0008398211615496731
4957,2.1,3.0,0.3,1114.05,597.2476197415793,0.0008351169748107853
2295,2.1,3.0,0.3,1114.15,516.1750427418638,0.0008476887196517694
51,2.1,3.0,0.3,1117.9,591.845142776543,0.000828655589193145
4885,2.1,3.0,0.3,1115.55,506.5616691198054,0.0007260243862480514
2429,2.1,3.0,0.3,1110.8,602.6940796175013,0.0008418763129602156
3434,2.1,3.0,0.3,1117.5,687.1196212773029,0.000945310456439049
5559,2.1,3.0,0.3,1116.8,471.8453542497681,0.0006848256121710619
3491,2.1,3.0,0.3,1116.5,623.760875678207,0.0008675114596176542
3481,2.1,3.0,0.3,1119.75,514.6243134250537,0.0007355833185517353
5619,2.1,3.0,0.3,1115.35,618.9330135422676,0.000861497717600015
5472,2.1,3.0,0.3,1114.0,563.7169120378151,0.0007945579747830137
3293,2.1,3.0,0.3,1112.3,526.1597002535524,0.0007495278769664335
5692,2.1,3.0,0.3,1112.4,616.9663410285258,0.0008592213345086709
4352,2.1,3.0,0.3,1114.7,561.0195098340153,0.0009013302843111355
4565,2.1,3.0,0.3,1116.55,517.7720089146816,0.000739390213780118
373,2.1,3.0,0.3,1111.55,542.5690203094684,0.0007689928875152361
224,2.1,3.0,0.3,1113.4,514.0144280587543,0.0007348800933628434
4672,2.1,3.0,0.3,1112.9,611.0245784949338,0.0008519430955072938
1041,2.1,3.0,0.3,1118.45,513.3785570831205,0.0007341530838421303
7057,2.1,3.0,0.3,1117.85,676.0354382326012,0.00093106727214505
7135,2.15,3.0,0.3570714214271425,1116.6,529.3442694144267,0.0007532339804817138
4764,2.15,3.0,0.3570714214271425,1116.75,502.62973347969125,0.0007213626951711597
986,2.15,3.0,0.3570714214271425,1112.75,598.2157180216516,0.0008360466841923461
7153,2.15,2.7,0.9630680142129111,614.85,10.97435666449853,0.000265066057402543
3406,2.15,3.0,0.3570714214271425,1117.35,493.0295158840916,0.0007100385513859243
4781,2.15,2.6,1.061838029079765,613.3,26.711884535813187,0.00027751928723929555
5327,2.15,3.0,0.3570714214271425,1117.9,539.0387490727336,0.0007647820698895747
1886,2.15,3.0,0.3570714214271425,1117.2,526.8560044901044,0.0007502172419346254
1737,2.15,3.0,0.3570714214271425,1116.1,585.6731264342512,0.0008213231250482966
1375,2.15,3.0,0.3570714214271425,1118.75,528.5218601834524,0.0007522276586795768
6662,2.15,3.0,0.3570714214271425,1113.2,542.4058666507916,0.0007689056183285878
3678,2.15,3.0,0.3570714214271425,1118.1,483.0056905355155,0.0006981331092356398
3737,2.15,3.0,0.3570714214271425,1118.25,506.0249107923956,0.0007254550296648467
602,2.15,3.0,0.3570714214271425,1115.45,489.65384180108606,0.0007060132405018221
2869,2.15,3.0,0.3570714214271425,1115.55,457.4509282044923,0.0006676943001148596
2837,2.15,3.0,0.3570714214271425,1115.7,575.0387242722775,0.000808007094117337
4193,2.15,3.0,0.3570714214271425,1114.65,509.6782645126022,0.0007299087479068991
5182,2.15,3.0,0.3570714214271425,1115.6,630.7698741163899,0.0008759069334869045
5034,2.15,3.0,0.3570714214271425,1114.95,538.7418683694505,0.0007643547354124147
7085,2.15,3.0,0.3570714214271425,1115.65,494.07390021246493,0.0007112881316271121
3517,2.2,3.0,0.39999999999999997,1118.25,452.4137889093261,0.0006617730854147539
3131,2.2,3.0,0.39999999999999997,1117.1,538.6529141768515,0.0007643196684621291
1710,2.2,3.0,0.39999999999999997,1113.4,503.0445658915721,0.0007219861171424055
3218,2.2,3.0,0.39999999999999997,1115.6,462.7260484078559,0.0006750058803740779
4650,2.2,3.0,0.39999999999999997,1112.35,522.5359057785489,0.0007452210773934004
1380,2.2,3.0,0.39999999999999997,1114.1,533.2407406778907,0.00075794641468203
865,2.2,3.0,0.39999999999999997,1113.65,509.6349906276959,0.0007298013714917153
6440,2.2,3.0,0.39999999999999997,1113.8,493.36271386544934,0.0007104140876235991
4743,2.2,3.0,0.39999999999999997,1114.9,550.48656967746,0.0007787297876623759
4557,2.2,3.0,0.39999999999999997,1116.0,578.0776887908,0.0008118440639560725
970,2.2,3.0,0.39999999999999997,1116.95,535.8399392591365,0.0007608977699731137
1718,2.2,3.0,0.39999999999999997,1115.25,553.4043183041432,0.0007824363000661187
1281,2.2,3.0,0.39999999999999997,1115.3,506.5910573385548,0.0007262295627682838
4137,2.2,3.0,0.39999999999999997,1110.55,498.6070852908788,0.0007195820721460964
2528,2.2,3.0,0.39999999999999997,1115.3,507.77488166364674,0.0007276066734021767
4896,2.2,3.0,0.39999999999999997,1112.95,572.5489210494466,0.0008082566180133807
2224,2.2,3.0,0.39999999999999997,1110.75,515.5580976453805,0.0008469383456071346
5007,2.2,3.0,0.39999999999999997,1114.6,534.58123150696,0.0007595303562566405
578,2.2,3.0,0.39999999999999997,1116.0,498.25453566494775,0.0007162047608284377
3903,2.2,3.0,0.39999999999999997,1113.85,495.4279441767589,0.000712963840408656
5635,2.2,3.0,0.39999999999999997,1115.7,490.9010830359235,0.0007074583218197384
3458,2.2,2.8,0.9797958971132713,668.25,25.36903299822847,0.00016106214944604344
1124,2.2,3.0,0.39999999999999997,1119.8,465.36556752452964,0.0006768014101086105
7036,2.2,3.0,0.39999999999999997,1118.3,368.9827239809874,0.0005632205076574442
5061,2.25,3.0,0.4330127018922193,1112.75,482.52687708072057,0.0006975193789340366
5053,2.25,3.0,0.4330127018922193,1116.45,460.21984170107385,0.0006709957166574313
5924,2.25,3.0,0.4330127018922193,1114.05,511.23139092209715,0.0007315825572464607
4300,2.25,3.0,0.4330127018922193,1109.5,455.7571908655272,0.0006657137230581858
4887,2.25,3.0,0.4330127018922193,1114.3,524.740332086266,0.0007477165358059962
5020,2.25,3.0,0.4330127018922193,1109.55,514.447262541301,0.0007355396542507916
5586,2.25,3.0,0.4330127018922193,1116.4,493.0832836255299,0.0007100612314807524
3262,2.25,3.0,0.4330127018922193,1118.25,535.9379436754225,0.0007611076142747757
5265,2.25,3.0,0.4330127018922193,1115.1,501.6623163249896,0.000720291595581395
5667,2.25,3.0,0.4330127018922193,1114.8,529.1271169904787,0.0007652207389862669
3175,2.25,3.0,0.4330127018922193,1112.65,532.5107050643562,0.0007573433543675026
2105,2.25,3.0,0.4330127018922193,1118.15,505.50191190817185,0.0007248074154529681
7054,2.25,3.0,0.4330127018922193,1116.6,513.045974358715,0.0007337588549503417
4343,2.25,3.0,0.4330127018922193,1118.05,481.59958038598296,0.0006965887159965313
4149,2.25,3.0,0.4330127018922193,1113.6,521.9835577667535,0.0007444257017669718
2024,2.3,3.0,0.45825756949558405,1114.65,485.28772749852874,0.0007007685465145443
4933,2.3,3.0,0.45825756949558405,1111.2,476.14027537558246,0.0006899676411815807
1597,2.3,3.0,0.45825756949558405,1114.05,526.8447797965008,0.0007501364209441225
3385,2.3,3.0,0.45825756949558405,1116.85,430.9256712292049,0.0006362285618917277
5452,2.3,3.0,0.45825756949558405,1114.45,497.8229705434308,0.0007157776312974674
1050,2.3,3.0,0.45825756949558405,1116.05,462.84666464750836,0.0006741577215756361
4850,2.3,3.0,0.45825756949558405,1111.55,464.2001754900936,0.0006758517656026134
41,2.3,3.0,0.45825756949558405,1113.5,469.0010139762413,0.0006814981499643571
4862,2.3,3.0,0.45825756949558405,1114.9,469.55926523295165,0.0006821322661333255
5033,2.3,3.0,0.45825756949558405,1113.4,453.43472966065445,0.0006631264907950059
5842,2.3,3.0,0.45825756949558405,1115.85,478.4764235759761,0.0006928682923147996
2846,2.3,3.0,0.45825756949558405,1114.0,488.5448137345634,0.0007046324066315156
2795,2.3,3.0,0.45825756949558405,1116.95,432.6776494347612,0.0006382463452114264
1848,2.3,3.0,0.45825756949558405,1114.8,499.09565956407437,0.000717200986566506
1033,2.3,3.0,0.45825756949558405,1111.0,440.17944951738633,0.0006470430826817583
2017,2.35,3.0,0.4769696007084729,1111.85,459.96186101802556,0.0006711162359004134
6275,2.35,3.0,0.4769696007084729,1116.4,506.538095985173,0.0007260324415542019
1514,2.35,3.0,0.4769696007084729,1113.1,490.35878858579105,0.000706872216538796
2773,2.35,3.0,0.4769696007084729,1115.8,454.53533756686875,0.000664041567452334
1187,2.35,3.0,0.4769696007084729,1116.95,459.3530099524785,0.0006697021210339208
6149,2.35,3.0,0.4769696007084729,1112.15,461.0944460195953,0.0006720554491785501
4226,2.35,3.0,0.4769696007084729,1113.65,406.131829476004,0.0006069028434394924
3559,2.35,3.0,0.4769696007084729,1117.4,542.7163755644094,0.0007693172886163755
5622,2.4,3.0,0.48989794855663565,1114.9,395.80625177503686,0.0005947430283263995
5332,2.4,3.0,0.48989794855663565,1112.0,429.6515036952888,0.0006347143495553897
3520,2.4,3.0,0.48989794855663565,1114.25,443.7089597970843,0.0006513908004493513
7086,2.4,3.05,0.9165151389911679,780.3,22.435365799860623,0.00015737231994855086
3336,2.4,3.0,0.48989794855663565,1116.3,424.408715629172,0.0006286218614542123
5620,2.4,3.0,0.48989794855663565,1114.95,399.5543218222484,0.0005992140777542367
14,2.4,3.0,0.48989794855663565,1114.65,449.12730716513374,0.0006579081285748992
5709,2.4,3.0,0.48989794855663565,1114.45,468.10935757073554,0.0006803014647719286
5656,2.4,3.0,0.48989794855663565,1115.2,468.6663889809945,0.0006810810723678572
2889,2.4,3.0,0.48989794855663565,1117.15,449.5472485882184,0.0006585611089370385
7056,2.4,3.0,0.48989794855663565,1110.3,440.8749856337596,0.0006479570326082629
4270,2.4,3.1,0.9165151389911679,777.6,23.144041905188693,0.00015807197208888213
4306,2.45,3.0,0.4974937185533101,1115.9,458.44274628922324,0.0006689348130728679
4608,2.45,3.0,0.4974937185533101,1108.7,393.3740578543593,0.0005916804520250151
6760,2.45,3.0,0.4974937185533101,1112.65,454.55492488085093,0.0006640002872495684
5891,2.45,3.0,0.4974937185533101,1116.4,384.09081375283347,0.0006313336902886837
6639,2.45,3.0,0.4974937185533101,1114.8,467.1697807896871,0.0006791268556738955
2605,2.45,3.0,0.4974937185533101,1117.2,419.8706984480993,0.0006231474260036749
4121,2.45,3.0,0.4974937185533101,1115.15,432.3599307625017,0.0006381912932163608
4151,2.5,3.0,0.5,1118.85,383.07549362911504,0.0005796522750181127
2686,2.5,3.0,0.5,1116.15,469.45327394800125,0.000682073300514106
1278,2.5,3.0,0.5,1113.15,434.1888991890311,0.0006403648772915283
1899,2.5,3.25,0.8660254037844386,835.45,12.157931917940653,0.0001453507485317359
3514,2.5,3.0,0.5,1116.25,487.27235200994886,0.0007033880719088069
1792,2.5,3.2,0.8660254037844386,836.3,29.042160171386776,0.00016542871802917997
6265,2.5,3.2,0.8660254037844386,836.35,30.916366892262918,0.0001675644794343107
6611,2.5,3.15,0.8660254037844386,837.75,39.907173022427976,0.00017824938468637066
5817,2.5,3.0,0.5,1114.55,372.9227642177751,0.0007887386605337043
6111,2.5,3.0,0.5,1117.2,378.37575650459405,0.0005742484177974249
2619,2.5,3.0,0.5,1114.45,505.27420018531456,0.0008348046412135833
3706,2.5,3.2,0.8660254037844386,835.2,31.447103129150356,0.00016827360693548706
1120,2.5,3.0,0.5,1115.6,378.90511816220317,0.000574769369475713
3949,2.5,3.0,0.5,1116.75,383.78903894067986,0.0006908969700894895
4286,2.55,3.0,0.4974937185533101,1113.5,377.3388841703215,0.0005728643253297965
6550,2.55,3.0,0.4974937185533101,1114.85,340.2194024477443,0.0005294494575874367
4396,2.55,3.0,0.4974937185533101,1116.45,416.4306962958474,0.0006191823766194895
1520,2.55,3.0,0.4974937185533101,1113.2,390.25183851247266,0.0005881976926802004
2449,2.55,3.0,0.4974937185533101,1112.25,423.90193140669254,0.0006282938045276722
7068,2.55,3.0,0.4974937185533101,1117.7,400.26282083133214,0.0006000287336965412
3322,2.55,3.0,0.4974937185533101,1115.45,437.5035976832158,0.0007002287616963065
5366,2.6,3.0,0.48989794855663565,1116.15,396.26425542037646,0.0005958224945594843
1774,2.6,3.0,0.48989794855663565,1111.65,386.6167789685052,0.0005840391429565817
2152,2.6,3.0,0.48989794855663565,1115.5,398.57769787276584,0.000650842845422003
5364,2.6,3.0,0.48989794855663565,1116.0,392.0358515483713,0.0005902780670170146
6436,2.6,3.25,0.8,893.6,42.43792895044412,0.00018133187751525273
5547,2.6,3.0,0.48989794855663565,1110.35,419.2535945813742,0.0006228522908606517
890,2.6,3.0,0.48989794855663565,1111.0,412.1593412798303,0.0006141280330817351
4817,2.6,3.0,0.48989794855663565,1114.0,401.41522003933795,0.0007861933046403227
4310,2.6,3.0,0.48989794855663565,1119.05,370.46598656634774,0.0005650004082132122
2319,2.65,3.0,0.4769696007084728,1120.0,363.7192126100096,0.0005569873988926098
2996,2.65,3.0,0.47696960070847294,1116.8,359.37558050818876,0.0005521184733394424
1865,2.65,3.0,0.4769696007084728,1117.35,372.9528536473918,0.0005678483786140894
4296,2.65,3.0,0.4769696007084729,1111.55,342.9674322099419,0.0005326786941056412
5295,2.65,3.05,0.4769696007084729,1117.1,380.9983740646445,0.0005773473907937394
3660,2.65,3.0,0.4769696007084729,1116.0,401.181284582499,0.0006011608765912704
3628,2.65,3.0,0.4769696007084729,1115.7,355.1003524818503,0.0005491407091509793
5485,2.65,3.0,0.4769696007084729,1113.6,340.24337735750225,0.0005295358251645033
4723,2.65,3.0,0.4769696007084729,1118.0,426.8096655885522,0.000631202045166209
3723,2.65,3.0,0.4769696007084729,1117.35,315.3717502016257,0.0006107534957328338
3544,2.7,3.45,0.714142842854285,945.7,38.75679196992096,0.0001768494640355849
5693,2.7,3.0,0.45825756949558405,1113.1,360.64067800481246,0.0005533788092987397
3252,2.7,3.0,0.45825756949558405,1112.2,362.0866273285453,0.0005550007692746847
976,2.7,3.0,0.45825756949558405,1118.3,378.23051814681804,0.0006842272841069532
5276,2.7,3.0,0.45825756949558405,1115.75,397.08538699525303,0.0005961590764280306
240,2.7,3.0,0.45825756949558405,1113.05,319.74879137621025,0.0005054170094781585
6783,2.75,3.0,0.4330127018922193,1115.5,333.45217345896987,0.0005213793909970299
4965,2.75,3.0,0.4330127018922193,1117.05,347.30664146852,0.000648080693631362
1001,2.75,3.0,0.4330127018922193,1114.85,327.65635328356655,0.0005147061746910641
7077,2.75,3.0,0.4330127018922193,1116.3,332.54433094139273,0.0005204700509771377
1160,2.8,3.0,0.39999999999999997,1117.9,334.9990543614055,0.0005233747679527156
5478,2.8,3.0,0.39999999999999997,1114.95,325.63842073000734,0.0005123388156395047
37,2.8,3.0,0.39999999999999997,1111.0,352.0694576653015,0.0005433545747150767
1443,2.8,3.0,0.39999999999999997,1110.4,383.5860218950275,0.0005804462651598611
2114,2.8,3.0,0.39999999999999997,1116.4,324.3573508855746,0.0005108030666328639
2005,2.8,3.0,0.39999999999999997,1114.1,317.45215426802514,0.0005027480820599951
5864,2.8,3.55,0.6,1005.15,46.73626988070416,0.00018635795039209166
3868,2.8,3.45,0.6,999.95,63.96992336815813,0.00031885260428099655
5000,2.8,3.0,0.39999999999999997,1118.1,363.73252463601926,0.0005569906990413008
6850,2.8,3.0,0.39999999999999997,1114.35,385.82584960996115,0.0005830600525667534
4979,2.8,3.45,0.6,1004.35,45.48401404742879,0.0001849283292047159
6283,2.8,3.0,0.39999999999999997,1112.65,321.05056152717736,0.0005069530458856245
4937,2.8,3.0,0.39999999999999997,1114.9,322.48018556911643,0.0005088783795531196
5386,2.85,3.0,0.3570714214271425,1117.2,342.6999391527046,0.0005324236594362649
4812,2.85,3.0,0.3570714214271425,1116.75,328.58529124527564,0.0005157500434668045
1226,2.85,3.0,0.3570714214271425,1114.55,352.9105175457343,0.0005443235108507353
2890,2.85,3.0,0.3570714214271425,1114.55,322.83700796463984,0.0005092784815843665
1952,2.85,3.0,0.3570714214271425,1117.55,254.9520891623771,0.00043002132367963474
838,2.85,3.0,0.3570714214271425,1116.6,331.82257010820814,0.0005195996640283699
3239,2.85,3.0,0.3570714214271425,1116.1,392.96072517186076,0.0005913340643793491
1209,2.85,3.0,0.3570714214271425,1111.75,304.7442202953267,0.0004880661363280396
5368,2.9,3.0,0.3,1114.35,286.44835294759935,0.00046668407003019
3459,2.9,3.0,0.3,1110.8,253.9543790747197,0.0004287533130741701
3301,2.9,3.0,0.3,1115.6,272.9181533298272,0.0004509258260006679
6508,2.9,3.4,0.43588989435406744,1057.85,78.5685166918914,0.00022382660791638983
3669,2.9,3.0,0.3,1115.75,317.46220716328054,0.0005028726495954748
3610,2.9,3.0,0.3,1114.05,330.2696665614908,0.0005176831652425066
1691,2.9,3.0,0.3,1114.85,217.35128492887432,0.0003860410046660776
2718,2.9,3.45,0.43588989435406744,1057.7,84.11414024077384,0.00023042027117518198
7110,2.9,3.0,0.3,1116.65,314.0523207353796,0.0004988779652276201
6361,2.9,3.0,0.3,1113.35,307.1380514271431,0.000491822819859229
2870,2.9,3.1,0.43588989435406744,1064.9,93.36978746954236,0.00024123940465790535
5506,2.9,3.0,0.3,1114.35,282.65853834340885,0.00046219557035436637
6475,2.9,3.0,0.3,1117.15,239.619644001035,0.0004120636693572567
5487,2.9,3.0,0.3,1112.05,322.2942221059318,0.0005083962141957869
1876,2.9,3.0,0.3,1115.9,283.82873473684856,0.00046359612696666395
2611,2.9,3.0,0.3,1115.2,294.61792677706063,0.000476101367697863
4622,2.9,3.0,0.3,1116.45,283.35200358111297,0.0004630748629135442
1175,2.9,3.0,0.3,1119.0,320.56436361272904,0.0005064423614891708
579,2.9,3.4,0.43588989435406744,1062.45,91.53489827224465,0.00029872536589720935
6200,2.9,3.0,0.3,1114.8,283.51265861438486,0.00046318734296647976
6737,2.95,3.0,0.21794494717703367,1115.65,323.33634158062813,0.0005096783523691215
2811,2.95,3.0,0.21794494717703367,1116.0,280.5374376272453,0.0004597922701388476
5606,2.95,3.0,0.21794494717703367,1116.4,296.6303400286656,0.00047855415311430684
1128,2.95,3.0,0.21794494717703367,1115.75,244.01528022374185,0.00041707506468592045
6654,2.95,3.0,0.21794494717703367,1112.55,243.79476373709267,0.0004166874797088951
5560,2.95,3.0,0.21794494717703367,1119.85,282.7994854738009,0.0004623637293238359
157,2.95,3.0,0.21794494717703367,1119.55,233.4869128204957,0.00040480734855653723
860,2.95,3.0,0.21794494717703367,1114.55,195.1033574330512,0.00035991677001358713
5572,3.0,3.1,0.0,1114.2,170.65511191458236,0.00033147000056107153
3411,3.0,3.1,0.0,1115.1,143.5900128910144,0.0002998110440059035
5562,3.0,3.05,0.0,1119.9,156.8426736671848,0.0003155082600282819
5738,3.0,3.8,0.0,1115.45,56.99489748878155,0.00019844059521368493
2923,3.0,3.35,0.0,1114.6,102.10581296929632,0.0002514221841091054
2884,3.0,3.25,0.0,1117.75,88.66819024187515,0.00024684950284100543
3019,3.0,3.0,0.0,1113.95,282.8150253774228,0.0004623736461147499
5653,3.0,3.05,0.0,1113.35,174.62823496473925,0.00033622286441936785
6266,3.0,3.0,0.0,1117.4,185.9034016891688,0.00034920079398704845
3069,3.0,3.05,0.0,1115.25,160.97759875819276,0.00043076880616517053
2812,3.0,3.0,0.0,1114.55,220.43277777980768,0.000389634611546692
2569,3.0,3.0,0.0,1111.15,244.68636355775052,0.0004179637431214225
2272,3.0,3.0,0.0,1117.45,227.65571585156047,0.0004195939002186849
6089,3.0,3.0,0.0,1112.05,200.21533638249818,0.0003817542990581268
6278,3.0,3.15,0.0,1112.25,146.88009281735813,0.0003038508239046011
827,3.0,3.05,0.0,1116.55,208.63084005534452,0.00037569965981969406
2641,3.0,3.05,0.0,1118.9,153.50853673714806,0.0003115515081231746
6174,3.0,3.35,0.0,1121.8,98.62147624743255,0.00024733643521645106
2431,3.0,3.05,0.0,1111.75,194.87688554097576,0.00035972889371289923
6384,3.0,3.2,0.0,1113.55,154.50555349854992,0.0004234135107921671
2089,3.0,3.0,0.0,1113.05,187.81387104829534,0.00035159177833278803
2167,3.0,3.2,0.0,1116.0,119.0177042936088,0.00027119688671813904
2138,3.0,3.3,0.0,1118.1,100.58842563702184,0.0002496674534353502
6007,3.0,3.1,0.0,1114.55,151.04045487754246,0.00030863984072334656
6118,3.0,3.0,0.0,1115.95,199.34033186559665,0.0003648866669948473
1998,3.0,3.0,0.0,1114.5,263.6396943578779,0.0004401169663244316
2009,3.0,3.2,0.0,1116.8,103.91184140017141,0.00025351300214547176
7132,3.0,3.3,0.0,1116.25,148.51273977532867,0.00030571379593470464
4674,3.0,3.0,0.0,1119.3,239.411093616472,0.000411788431576118
174,3.0,3.0,0.0,1113.35,235.18579791313218,0.00040684440807986624
223,3.0,3.0,0.0,1116.75,267.2594296770701,0.00044432282014266416
3161,3.0,3.0,0.0,1115.45,213.40371349309532,0.0003813265408565539
3335,3.0,3.15,0.0,1114.3,147.87141926134646,0.00030503671528361317
5717,3.0,3.3,0.0,1117.35,87.32815706762902,0.00023419169415700902
1170,3.0,3.0,0.0,1114.65,199.77284764140387,0.0003656188128380907
3447,3.0,3.0,0.0,1110.75,203.26281936523247,0.0003693274811977134
5541,3.0,3.0,0.0,1116.7,259.5922846751966,0.0004356745935085195
565,3.0,3.35,0.0,1112.65,120.25508235704457,0.0002726617932000769
6745,3.0,3.0,0.0,1113.8,156.2866692884192,0.0004256707657193117
3201,3.0,3.05,0.0,1116.75,139.91230393546564,0.0002956837054972678
3441,3.0,3.3,0.0,1118.05,95.51869185279884,0.0003150541640713157
5305,3.0,3.45,0.0,1113.45,86.09313431002887,0.00023275031689396378
3624,3.0,3.35,0.0,1113.15,104.07023165401631,0.0002537376516475809
582,3.0,3.05,0.0,1117.65,179.7492432112927,0.00034207587759137105
4404,3.0,3.0,0.0,1111.1,194.78678775137473,0.0004462270384969928
6759,3.0,3.5,0.0,1117.25,87.16673749028992,0.00023392296096738793
4386,3.0,3.45,0.0,1116.2,76.26989015423122,0.00022118965250505585
3964,3.0,3.55,0.0,1117.4,74.11810966464805,0.00021862050408374219
5342,3.0,3.1,0.0,1116.55,144.9134105490037,0.00030148273355753074
3993,3.0,3.0,0.0,1118.0,214.55358523771525,0.000382755181978562
6782,3.0,3.15,0.0,1116.4,112.04008131429666,0.0002630703009760888
6946,3.0,3.7,0.0,1115.25,70.74435230764482,0.00021465403913871906
6899,3.0,3.2,0.0,1113.05,160.47031492974207,0.0003196885382072728
4349,3.0,3.0,0.0,1110.2,291.870859213986,0.0004729633327706942
4499,3.0,3.2,0.0,1113.4,122.22821335612493,0.00027503698273041125
4419,3.0,3.0,0.0,1112.55,205.6531572965103,0.0003723464148640375
979,3.0,3.05,0.0,1111.25,192.6872618720455,0.0003571744690014644
2731,3.0,3.05,0.0,1115.8,173.56863746889354,0.0003897019695798628
2627,3.0,3.0,0.0,1114.3,303.49285550570636,0.0004864380663458967
1010,3.0,3.1,0.0,1115.8,183.0575023677789,0.000346046400497572
1005,3.0,3.0,0.0,1112.45,160.7002571785229,0.0004653155372920412
442,3.0,3.1,0.0,1116.75,144.08648677972363,0.00030046132727376746
