,user_id,current_flow_betweenness
0,14,0.00068914057351238
1,19,0.0009066089655149922
2,21,0.0007268647735610479
3,23,0.0005642853633365001
4,24,0.0004710173505020306
5,36,0.0008367814288796982
6,37,0.0006549341628226032
7,41,0.0006986474981135746
8,51,0.0007550484392240263
9,55,0.0004798197284402993
10,64,0.0008754015957826233
11,73,0.000549256305381326
12,75,0.0009248735211435984
13,97,0.0008643505289429837
14,98,0.0009218271324403622
15,102,0.0007100080342480525
16,120,0.0008444198928697189
17,127,0.0008826872496509259
18,129,0.0008502947895248805
19,131,0.0003161110497406028
20,135,0.0009209838555207406
21,136,0.0005104299169277473
22,137,0.0009181416748647403
23,140,0.0009169619146630742
24,155,0.0004968666045303307
25,157,0.0006277403018142731
26,165,0.0008868406210414762
27,166,0.00041890327485918233
28,169,0.0008565800043422659
29,172,0.000444087364233177
30,174,0.000626691957872616
31,176,0.00041369648001861537
32,185,0.0008754492056561952
33,193,0.000544946048563371
34,203,0.00045580861318204077
35,221,0.0007675162072390567
36,223,0.0006378915051659077
37,224,0.0007157699576511474
38,226,0.0008760643739031222
39,229,0.0009324390447945389
40,234,0.0002026367631321518
41,235,0.0003477967348342406
42,240,0.0006470199976349583
43,241,0.0007970791806130917
44,242,0.00080433946192299
45,249,0.0008879501071183512
46,261,0.000505212608356517
47,262,0.00047073293377604126
48,276,0.00044187840438191797
49,279,0.0008269534302016011
50,294,0.0008223804180856359
51,297,0.0009059120840838846
52,298,0.0005745745847302642
53,320,0.000827711747842817
54,322,0.0004404492760217756
55,323,0.00053498918569124
56,328,0.0003730242862541508
57,332,0.00034893708329663924
58,335,0.0008086165827451659
59,346,0.00034663435123768175
60,352,0.0007392551826318493
61,357,0.0008743044361983844
62,364,0.0008599766552377932
63,366,0.0004123092843053787
64,368,0.0004663083704754417
65,370,0.0008290517643100854
66,373,0.0007339192346723509
67,385,0.0007986921751657781
68,386,0.0008887926446686676
69,396,0.0008000682556675545
70,407,0.0004856754657967948
71,412,0.0008394308682806194
72,434,0.0003764397515852124
73,438,0.0008679076602734771
74,442,0.0006148755204580338
75,452,0.0007308383960556564
76,458,0.0009083280211732883
77,472,0.0009232216808154064
78,475,0.0008666338887446916
79,477,0.0009104552566360043
80,488,0.0009096366704292975
81,493,0.0009145494291854113
82,506,0.0008035097546882786
83,509,0.0004118829587897621
84,522,0.0008171636283783664
85,531,0.0008930069946804261
86,534,0.000914501780332468
87,536,0.0004251038021645349
88,537,0.0008868318778092657
89,538,0.000833831696021065
90,543,0.0007797327539249957
91,545,0.0004896978947531399
92,547,0.0008509290014636652
93,555,0.0005726333356596353
94,558,0.0007451430309899066
95,565,0.0006057742145723313
96,570,0.0008386863793691076
97,572,0.0004040951124042111
98,578,0.0007101658898432073
99,579,0.0006073998183919213
100,582,0.0006231611147485174
101,597,0.0008944255061212536
102,598,0.0004862359312169836
103,602,0.0007071399896565265
104,612,0.0004781020511448353
105,617,0.0005392548194497266
106,623,0.0004857990713189667
107,626,0.000884776356019764
108,632,0.00089653990809678
109,634,0.000925191263344166
110,638,0.000843894486197423
111,639,0.0009309806331074918
112,642,0.0008748262673922002
113,655,0.0008703670996113399
114,659,0.0003572737672437591
115,663,0.0003039588470089659
116,682,0.00044803654973734984
117,683,0.0009034696022727848
118,699,0.0008371190020456882
119,709,0.0008779491509135919
120,723,0.0008038427938140172
121,724,0.00038230143440971906
122,726,0.0008850224611229775
123,728,0.0004246795007675222
124,735,0.0008678240844588404
125,757,0.0005509913467608658
126,763,0.0005132806780259843
127,764,0.0004007869627617115
128,765,0.0008649251126148076
129,767,0.0007997214035716418
130,771,0.0008863847121474492
131,781,0.0005814859067804903
132,785,0.0004996933786943107
133,791,0.0008851441167291833
134,795,0.0008939927448087915
135,798,0.0005563137312256618
136,800,0.0004446945090691574
137,808,0.0009127000071972067
138,814,0.000259140696999727
139,815,0.0004133092721339906
140,827,0.0006252651218554647
141,833,0.0008833082839024731
142,838,0.0006481426317970765
143,839,0.00010841208609190074
144,840,0.0008914065934452428
145,843,0.0009219142032840912
146,845,0.000782454752929027
147,846,0.00044965774960742426
148,847,0.0008873079914428156
149,849,0.0004983690556677498
150,857,0.0008779936123084004
151,860,0.0006209501248909317
152,865,0.0007149692224863452
153,867,0.0008541716175213486
154,877,0.0007859883194120703
155,885,0.0008089202555226493
156,890,0.0006759302515605194
157,891,0.0009238229165671649
158,893,0.0009103216957745975
159,896,0.0007148312807274583
160,901,0.00041882520121278136
161,909,0.0008720374732211342
162,925,0.0007549912914165311
163,928,0.0008023195856453928
164,932,0.0008395627983580826
165,942,0.0008681417661175583
166,944,0.0005297210840189978
167,946,0.0008019022885594972
168,951,0.0008875760613221998
169,961,0.0008591690791998676
170,963,0.0009241071334479666
171,970,0.0007327843702997756
172,971,0.0008153567908334441
173,976,0.0006648953768119953
174,977,0.00046018867748789645
175,979,0.000623704887033801
176,981,0.00087711345909682
177,986,0.0007612835260678715
178,1001,0.0006479193656153773
179,1005,0.0006118848952336797
180,1009,0.00044597142427912044
181,1010,0.0006166628446013175
182,1013,0.0003220545831354349
183,1015,0.0007424434320417451
184,1022,0.0009226269306249675
185,1029,0.0007694122512939362
186,1030,0.0008138589368826442
187,1033,0.0006861943006891964
188,1041,0.0007177106975699199
189,1042,0.0007501423592506207
190,1043,0.0008520342096598361
191,1045,0.0007867822283933469
192,1050,0.000697115316744902
193,1054,0.0009035355075020794
194,1073,0.0008844857444846341
195,1084,0.0008436611014439469
196,1091,0.0008675086411612402
197,1093,0.00048048986578895324
198,1094,0.0008599401297474437
199,1104,0.0008386733384559195
200,1105,0.0008714368775633754
201,1109,0.0005588724028580868
202,1110,0.0008259367414343231
203,1112,0.0007795997180033634
204,1117,0.0004889140523878863
205,1119,0.0004148125529090537
206,1120,0.0006643936615936541
207,1124,0.0007004567975944701
208,1127,0.0008610091075937683
209,1128,0.0006299057827800706
210,1130,0.0008280919403850102
211,1132,0.0005299702508968607
212,1135,0.0007607981633798091
213,1142,0.0004966676412612071
214,1143,0.0008837828327200055
215,1144,0.0008781761037099466
216,1160,0.0006548605295156234
217,1161,0.0008841100475217812
218,1164,0.0008803241716044333
219,1170,0.0006224135158547294
220,1175,0.000646580387564642
221,1178,0.0008497547670731874
222,1183,0.0007901304288406955
223,1187,0.0006925001043983314
224,1195,0.0009181344102654082
225,1196,0.0004384512686341596
226,1199,0.0008870146033731337
227,1209,0.0006447047645295437
228,1210,0.0005378597135309395
229,1221,0.0008481363438163389
230,1223,0.0008205036487791857
231,1226,0.0006567981567626578
232,1234,0.0008574178057007366
233,1245,0.000795419856346459
234,1257,0.0008311578990673136
235,1261,0.0007786225576238156
236,1262,0.0008955368751658124
237,1266,0.0007891795961578707
238,1267,0.0007336508303508524
239,1277,0.00044348741304128423
240,1278,0.0006845698232307542
241,1281,0.0007140341202543248
242,1282,0.0008156659402540756
243,1301,0.0005500932462850315
244,1308,0.0008534048010020055
245,1314,0.0005799444609657899
246,1316,0.0008543279562763679
247,1318,0.00038023372507568976
248,1319,0.0007838735187331375
249,1354,0.000340027204519779
250,1367,0.0007743645867098271
251,1375,0.0007290906980891377
252,1380,0.0007193737542852071
253,1385,0.0008813258403252948
254,1386,0.0004511139778284014
255,1387,0.0007792956905019862
256,1401,0.00041384649863083437
257,1409,0.0005246818965289416
258,1413,0.0009163809762379535
259,1431,0.0009007289248182893
260,1434,0.00035303820592473984
261,1438,0.0007405748847591791
262,1442,0.0009186794236418069
263,1443,0.0006637077263163325
264,1446,0.0008411476439672635
265,1449,0.0003847800267119449
266,1450,0.0008825929299516543
267,1457,0.0004230205172349507
268,1458,0.0008824058668713511
269,1459,0.0004311272072560785
270,1461,0.0007547835103813873
271,1464,0.0005720587584098592
272,1481,0.000749324631111066
273,1484,0.000803861364947869
274,1485,0.0004226449191623537
275,1490,0.000715326040685917
276,1494,0.0007915311571373486
277,1498,0.0008447067503067247
278,1500,0.0008228524687236019
279,1509,0.000454568848357572
280,1514,0.0007106974560305796
281,1516,0.0007319220566060083
282,1520,0.0006680302621748545
283,1534,0.0009204474128171136
284,1538,0.0008903041872137292
285,1547,0.0007744688782866282
286,1554,0.0003788489576384588
287,1556,0.0007277732174013483
288,1560,0.0007983459285006417
289,1561,0.000528799158225732
290,1567,0.00042411466861332336
291,1584,0.0009426514292092137
292,1587,0.0009254904548481484
293,1590,0.0009101041112526098
294,1597,0.0007249745130721252
295,1600,0.0005713627059047601
296,1603,0.0007904437214149153
297,1615,0.000749154201050567
298,1623,0.0005193823302117626
299,1626,0.0009433416432531876
300,1635,0.0007932491253216325
301,1636,0.0008884221045522574
302,1641,0.000796228344312838
303,1643,0.0008305928367544932
304,1647,0.0008084674556607542
305,1653,0.0009065241250184861
306,1656,0.0005206076726330491
307,1660,0.000903076841040933
308,1662,0.0002997603934563657
309,1665,0.0005796520266968524
310,1668,0.0005515673729687156
311,1678,0.0008634329507202458
312,1683,0.0009239248800152975
313,1684,0.0009221725804731462
314,1685,0.0008162655602078425
315,1687,0.00044636485426671296
316,1691,0.0006254799768250127
317,1693,0.000343833199240585
318,1696,0.0008897394292567297
319,1698,0.0007462551762494946
320,1704,0.0009304925411968757
321,1710,0.0007114490099989003
322,1712,0.0008746290425019436
323,1715,0.0003470609679966403
324,1718,0.0007345914009315793
325,1720,0.000562453755055357
326,1722,0.0004320195139532115
327,1725,0.0009003350992349306
328,1731,0.000525761725706487
329,1737,0.0007564063615404834
330,1747,0.0005245321801976082
331,1755,0.0007894453857578859
332,1758,0.0008408061543759313
333,1760,0.0005057034506131494
334,1761,0.0003905161849858721
335,1764,0.0007984383864219567
336,1769,0.00040599849956992267
337,1771,0.00042607807840151
338,1772,0.0009115061425766037
339,1773,0.000866017871725992
340,1774,0.0006579376035517479
341,1780,0.0008626822966200703
342,1792,0.000587848338177003
343,1795,0.0007647170367029573
344,1796,0.000575932905725875
345,1800,0.0007945151095005362
346,1802,0.0009209891411063558
347,1812,0.00044850173488468947
348,1815,0.0008224144176301153
349,1817,0.0008398594233625042
350,1823,0.0008390836024982286
351,1828,0.0008778505021732554
352,1834,0.0007938576704549296
353,1836,0.000849140189592755
354,1837,0.0008151077105868689
355,1848,0.0007115239511189265
356,1853,0.00086388416540371
357,1854,0.0003855507218433811
358,1857,0.000830944231558934
359,1865,0.00066325407868848
360,1876,0.000637703540359238
361,1884,0.0009059182788422272
362,1885,0.0003145290550093498
363,1886,0.0007261647165090298
364,1887,0.0009029464644440617
365,1898,0.00039385883281759936
366,1899,0.0005842064010334507
367,1911,0.0008151683709358165
368,1914,0.0007285006616916146
369,1919,0.0007969995067807391
370,1927,0.00042224983839336014
371,1928,0.00040758052753425803
372,1944,0.0008831226828276518
373,1952,0.0006334295862506535
374,1968,0.0008914224336842244
375,1969,0.0008706920080669249
376,1977,0.0008610321031508125
377,1981,0.0009087894657728807
378,1983,0.0008238931328305085
379,1984,0.0002796331207531483
380,1986,0.000496564915516245
381,1993,0.00038565829088500406
382,1998,0.0006296961796428169
383,2005,0.0006392319252770854
384,2007,0.0008619234131820954
385,2009,0.0006004210860430463
386,2017,0.0006935795525754965
387,2018,0.0009153569272843259
388,2024,0.0007061581876079519
389,2025,0.0007947924406507469
390,2029,0.00046801334102668474
391,2043,0.0008217292102900032
392,2047,0.0007687185943494755
393,2057,0.0008422234960302913
394,2059,0.0008670018830972349
395,2060,0.000859308087226953
396,2061,0.0008607445811434314
397,2063,0.0008380662826363185
398,2089,0.0006207839632315564
399,2094,0.000850424112647555
400,2096,0.0008555311435995855
401,2100,0.0005465497929480461
402,2105,0.0007170122267922454
403,2106,0.0009180852446427644
404,2108,0.0008866933744168478
405,2114,0.0006396907642957341
406,2118,0.0007600585385788507
407,2121,0.0008471900637858095
408,2123,0.0004611567767931057
409,2131,0.0009273060244563649
410,2133,0.0007783938025381482
411,2138,0.0005994995115896372
412,2139,0.0008470859079461052
413,2141,0.0007674369312776285
414,2143,0.0009358170379426492
415,2146,0.0008672386273352544
416,2152,0.0006761374093647768
417,2158,0.0005000670303236732
418,2164,0.0008642442103068867
419,2166,0.0008845448544005289
420,2167,0.0006047865820273869
421,2177,0.00046785287818574086
422,2181,0.0009191411709949916
423,2186,0.000530169142095509
424,2197,0.0009158970506805501
425,2201,0.0008753722094336985
426,2205,0.0009185398318865173
427,2206,0.0003294268507831325
428,2212,0.0008537694057973704
429,2220,0.000892600582747602
430,2224,0.0007221708865636999
431,2225,0.0007690999729065727
432,2227,0.0008836112894996108
433,2232,0.0008147480945647178
434,2245,0.0009155971886294186
435,2246,0.0007894606934619101
436,2255,0.0008697708160283204
437,2258,0.0007091863240413466
438,2259,0.0005610308398806443
439,2269,0.0008905050462478134
440,2272,0.0006283019345063569
441,2284,0.00043843540317443333
442,2287,0.0005010722044518282
443,2295,0.0007220006524588715
444,2301,0.000874600292415581
445,2314,0.0005753036070684968
446,2317,0.0008846613282756006
447,2318,0.0009103110729499617
448,2319,0.0006605186304238901
449,2324,0.00035389496799014604
450,2326,0.000564141213813401
451,2339,0.0009146536703859985
452,2349,0.0008769631302480541
453,2352,0.0008996511961226768
454,2355,0.0007872934537450534
455,2358,0.0008775115200278701
456,2366,0.0008064565288288997
457,2367,0.00041937204006199755
458,2368,0.0008134270724751142
459,2370,0.0005760813203464309
460,2372,0.000775142792229013
461,2392,0.0007936691895581179
462,2397,0.0007797424032627699
463,2401,0.00047274936681792197
464,2407,0.00045985091317603423
465,2410,0.0009016919616314052
466,2414,0.0007216030595060519
467,2422,0.0008028574837905079
468,2429,0.000752788126447581
469,2431,0.0006239822732930215
470,2438,0.0008770349596137404
471,2439,0.00085688314905044
472,2440,0.0008173941267092152
473,2444,0.0003590261169413564
474,2449,0.0006772659789676865
475,2451,0.0008853536797174259
476,2461,0.0008726007429978986
477,2463,0.00041687549864092655
478,2468,0.0008738374389372177
479,2470,0.0009190295039495062
480,2484,0.0007579592169856615
481,2486,0.0008441737250545643
482,2490,0.0008571181257358944
483,2496,0.0003546121966588584
484,2501,0.00045342458849079485
485,2506,0.0009229517689801657
486,2511,0.0008073466419424482
487,2513,0.0009004460791448042
488,2521,0.0005036769088450195
489,2525,0.000911327379770655
490,2526,0.0008736467170843469
491,2528,0.0007218110944190232
492,2530,0.0008367337671412947
493,2538,0.0008146021598508993
494,2541,0.0008447523438003526
495,2542,0.0008695068154147617
496,2549,0.0008067892148589997
497,2564,0.0005247021091382663
498,2568,0.000511799894237458
499,2569,0.0006275470973841052
500,2570,0.0008723540246153113
501,2572,0.0004138575564001712
502,2585,0.00037947859308813534
503,2592,0.000723772553389932
504,2594,0.000911255416292229
505,2605,0.0006821441890024145
506,2611,0.0006426652591909893
507,2619,0.0007176241468443059
508,2624,0.0008075906201343807
509,2625,0.00033803564949290676
510,2626,0.0009176198862160144
511,2627,0.0006434350622767978
512,2629,0.0008183876816296873
513,2631,0.0008619808100695499
514,2634,0.0009255457345660193
515,2638,0.0008084421380887265
516,2641,0.0006129029281618726
517,2645,0.000906333651947517
518,2646,0.0007814941171752226
519,2650,0.0008504616572611193
520,2653,0.0008250647919615415
521,2656,0.0009284423566140652
522,2671,0.0007165638741639418
523,2672,0.0004955225494103227
524,2676,0.0008444726244412918
525,2683,0.0003650215422086334
526,2685,0.00043562576584175056
527,2686,0.0006975117285474381
528,2687,0.0007748005443522092
529,2696,0.0008735487004683333
530,2697,0.0003611886985821989
531,2699,0.00045835561616918043
532,2703,0.0009133820493236045
533,2712,0.0008639552589223726
534,2718,0.0005927099666158757
535,2722,0.0008683371974888142
536,2724,0.0005709529676685587
537,2725,0.0003923455069066632
538,2727,0.0009149071117487472
539,2731,0.0006094200526933207
540,2737,0.000739336475500116
541,2740,0.00047121796805040986
542,2744,0.0005040820091415208
543,2751,0.0008824478464269164
544,2765,0.0008918743893732656
545,2772,0.0008463016852343275
546,2773,0.0006875330170895213
547,2775,0.0008744185439950666
548,2778,0.0008702639053025051
549,2784,0.000897202422324078
550,2787,0.0008825532846544412
551,2795,0.0006905856974486959
552,2796,0.0005225912867593148
553,2798,0.0009092165936298606
554,2810,0.0003738479922528413
555,2811,0.0006416520019078115
556,2812,0.0006239884782321078
557,2816,0.0008279398733230411
558,2817,0.0004213400142740621
559,2837,0.0007466184245309626
560,2839,0.0007641270027689351
561,2845,0.0007726840831436899
562,2846,0.0007073781304962227
563,2859,0.0008098769495284514
564,2869,0.000691500469312915
565,2870,0.0005948220786863931
566,2875,0.0009218460091276805
567,2881,0.0008437650431362226
568,2883,0.0004515539165662596
569,2884,0.0006000524907199639
570,2889,0.0006863626221253898
571,2890,0.0006457519663675112
572,2901,0.0008594245804278019
573,2905,0.0004215762944671655
574,2909,0.000838835908833678
575,2918,0.0008869327798229985
576,2920,0.0008451973696505922
577,2923,0.0006014034706685462
578,2929,0.0008411391176462475
579,2946,0.0009080108768244247
580,2950,0.000894267358793206
581,2952,0.0009065617070472306
582,2958,0.0009111418910552844
583,2965,0.0008323618004314523
584,2969,0.0008758635872931548
585,2977,0.0008872050787865815
586,2978,0.0008445394441435358
587,2985,0.0005821237502948963
588,2993,0.0007300504866345689
589,2996,0.0006580156609990065
590,3001,0.0008762228615618375
591,3013,0.0009103814745648774
592,3018,0.0009140523404831991
593,3019,0.0006370471444561098
594,3039,0.0008567880646064611
595,3042,0.0003704232777034246
596,3065,0.0008392350328914218
597,3069,0.0006137288707207386
598,3070,0.0008233754254883093
599,3083,0.0008506986780581493
600,3100,0.0009238782020453711
601,3101,0.0005107464822441987
602,3121,0.0008827884284396745
603,3124,0.0007485783216571655
604,3131,0.0007320419970347313
605,3132,0.0008655667287744176
606,3144,0.0008433467980766531
607,3155,0.0005571805681634409
608,3160,0.0009184802464562012
609,3161,0.0006234595423207573
610,3169,0.0009087945886048194
611,3170,0.0007262391819117359
612,3171,0.0008632141359691881
613,3175,0.000729923442858254
614,3181,0.0009113461925363138
615,3195,0.0007556133856475103
616,3201,0.0006031973808404062
617,3206,0.00054692114098183
618,3211,0.0007916026479506248
619,3218,0.0006988950095829011
620,3221,0.0004338155584319244
621,3223,0.0009259755254498355
622,3233,0.0008380954214154912
623,3239,0.00067105728254337
624,3246,0.0008468761295643722
625,3252,0.0006587096205195695
626,3254,0.0007409564897206679
627,3261,0.0008661906638496865
628,3262,0.0007347702381149711
629,3273,0.0008763567859196757
630,3291,0.0009268208044175339
631,3293,0.0007258826343176158
632,3301,0.0006379384179245258
633,3320,0.0003704896930721036
634,3322,0.0006900908819337836
635,3326,0.0004001892852884815
636,3330,0.00043414594099455505
637,3332,0.0008076725739479678
638,3335,0.0006142998062864002
639,3336,0.0006822262812694081
640,3339,0.000454230434266278
641,3340,0.0003598527353914462
642,3341,0.00087607119917364
643,3359,0.0007699098237160053
644,3365,0.0008561734488232697
645,3385,0.0006758845083641701
646,3397,0.0008861776514595086
647,3399,0.0008519593329206017
648,3404,0.0008625879481063574
649,3406,0.0007076806357213198
650,3411,0.0006096627467160136
651,3414,0.0009121032600085888
652,3423,0.0008591136908182446
653,3434,0.0008088347908408894
654,3441,0.0005989961075195061
655,3447,0.0006197725925484583
656,3448,0.0007673350492466272
657,3458,0.0005835016479350993
658,3459,0.000628520355736459
659,3462,0.0007975463923654052
660,3464,0.0009136478952200494
661,3465,0.0008494377049748076
662,3466,0.00089170740624411
663,3471,0.0005303189568410525
664,3480,0.0008683703234849238
665,3481,0.0007135134358804479
666,3484,0.00043816880332316944
667,3490,0.0007969813634444685
668,3491,0.0007720321672612377
669,3504,0.00038173070730632375
670,3505,0.0008988837158502627
671,3506,0.0008878459581032063
672,3514,0.0007067041995953446
673,3515,0.0005631466751799557
674,3517,0.0006891099865672025
675,3518,0.0003676892767053838
676,3520,0.0006912827550535315
677,3529,0.0008546418934993688
678,3539,0.0008705107203434163
679,3544,0.0005881206244484848
680,3559,0.0007304926331547806
681,3560,0.0008168279626515696
682,3565,0.0009079175179231058
683,3569,0.0007869764034685843
684,3581,0.0008172466881607261
685,3593,0.0009253504116988646
686,3598,0.0008746370897330746
687,3601,0.0008173400746139251
688,3610,0.0006383091621401812
689,3615,0.0008771135719713669
690,3620,0.0008907801132503454
691,3623,0.0003822448815964302
692,3624,0.0006061410590314086
693,3625,0.0008748602056362285
694,3626,0.0008427632154914247
695,3628,0.0006608592410277541
696,3631,0.0008443107204896952
697,3634,0.0008528125867208207
698,3636,0.0008943404306068999
699,3657,0.00078041108471489
700,3659,0.0008392428645392471
701,3660,0.0006701390449511599
702,3669,0.000647007320778506
703,3675,0.000306256321617282
704,3678,0.0007028289294553948
705,3687,0.0008910508441780956
706,3688,0.0005360719281848998
707,3689,0.0007421495510605532
708,3691,0.0007957531987846844
709,3693,0.0005352168847309883
710,3706,0.0005883672474877519
711,3708,0.0005710375779406927
712,3723,0.0006465097525689772
713,3725,0.0009268592146152863
714,3735,0.0008892765649967305
715,3737,0.0007151111110700654
716,3742,0.0008534982223952058
717,3747,0.0008341174460669456
718,3758,0.0008776959114055819
719,3760,0.0004522448885758459
720,3764,0.0008338391131438054
721,3765,0.0004881041562324467
722,3779,0.0008637961862749601
723,3789,0.0008212812432423226
724,3806,0.0008221813603010677
725,3808,0.0007585027599742307
726,3817,0.000828940431007086
727,3821,0.0008681638240823749
728,3825,0.00041055733877579597
729,3827,0.0007752985543607771
730,3828,0.0005220490227329468
731,3837,0.00042810339960651974
732,3842,0.0003600058378680873
733,3847,0.0009054153644189551
734,3850,0.0008929472049399134
735,3853,0.0008415508072917871
736,3862,0.000572566550305106
737,3866,0.0008160960100238675
738,3868,0.0006028226047566121
739,3875,0.0008175976438835383
740,3877,0.0008545276471975108
741,3885,0.0003403093295129226
742,3895,0.0007992384900878069
743,3898,0.0005265834607612783
744,3902,0.0009092772836099984
745,3903,0.000711921872153604
746,3905,0.0008906823751224536
747,3909,0.000813378121158328
748,3913,0.0009178233628934653
749,3918,0.0008958412978750033
750,3921,0.0008407230811986596
751,3925,0.000871784632835384
752,3926,0.0008677001049121934
753,3931,0.0005352708485728595
754,3935,0.0008525838866304535
755,3944,0.00042832535701111226
756,3948,0.000938648340158819
757,3949,0.0006637215209385711
758,3964,0.0005968952750297695
759,3965,0.0005671125054672197
760,3970,0.0008303254109144449
761,3979,0.0008116606493199952
762,3980,0.0003895404981805024
763,3983,0.0008332871617252433
764,3984,0.0009045229351493796
765,3985,0.0008178789631470715
766,3987,0.00041103617804542404
767,3989,0.0007490744247178418
768,3990,0.0008187492193540423
769,3992,0.00043601574465454787
770,3993,0.000621288563798277
771,4005,0.0009078445032298559
772,4008,0.0008491651686503331
773,4012,0.0008477500065549909
774,4013,0.0009324290228499412
775,4018,0.0008324519227647421
776,4020,0.0004912716693748215
777,4026,0.0009043342506111715
778,4037,0.0009007162516430863
779,4053,0.0005440552722177773
780,4056,0.0008848078649656347
781,4067,0.0005037799028269853
782,4088,0.0004652353558281666
783,4106,0.0009139297781591846
784,4116,0.0008467695671854193
785,4121,0.0006753021879140976
786,4131,0.000562265844346012
787,4137,0.0007155291617599609
788,4140,0.0008153911921702569
789,4143,0.00088205903096323
790,4149,0.0007203994985199264
791,4151,0.0006672904118447161
792,4161,0.0004989305402966889
793,4162,0.0005790444606918954
794,4169,0.000813369373223397
795,4182,0.0007660168590577802
796,4186,0.0007834140104679457
797,4187,0.0005627793644956044
798,4188,0.0008809773051838896
799,4193,0.0007185372499269001
800,4197,0.0005091273873049628
801,4205,0.0008112570178138107
802,4213,0.0008033644381193367
803,4226,0.0006735213891609973
804,4239,0.0009345270126481658
805,4240,0.0004081322124183503
806,4243,0.0009235370855427719
807,4258,0.0005788220906929843
808,4270,0.0005895010068059614
809,4275,0.0007639440380922366
810,4279,0.0007226240842444671
811,4280,0.0005597395447117148
812,4286,0.0006648536501620951
813,4296,0.0006529406011301119
814,4297,0.0004727888584706867
815,4300,0.0006906857072883901
816,4305,0.00040215884825176506
817,4306,0.0006910694571475295
818,4307,0.0008295155930745876
819,4308,0.00029771844039310337
820,4310,0.0006635544607732627
821,4313,0.0007241397026848835
822,4315,0.0008750904188520859
823,4317,0.0005081448248345868
824,4319,0.000831174526584489
825,4321,0.0005351546543008797
826,4329,0.0007815208903069598
827,4343,0.0007067093790166523
828,4344,0.000862193171525693
829,4349,0.0006353099502657497
830,4352,0.0007449951216905669
831,4356,0.0008314112841483225
832,4378,0.0008911015404177293
833,4386,0.0005961851600687501
834,4394,0.0008647223396438924
835,4396,0.0006767946947994535
836,4402,0.0007725705713714629
837,4404,0.0006279393102097393
838,4405,0.0004538174548461731
839,4414,0.0005794245138828877
840,4419,0.000625646051239608
841,4422,0.00045965500531028233
842,4423,0.0008218163058047042
843,4427,0.0008721490070606897
844,4428,0.0008592285628891152
845,4429,0.0003556727391415667
846,4431,0.0009007110293528875
847,4438,0.0008517477200051236
848,4439,0.0005414236331342182
849,4441,0.0005835528482502722
850,4442,0.0007988277335183244
851,4445,0.0008923552656501626
852,4446,0.0004929787490960507
853,4451,0.0005738629597812794
854,4456,0.0008521139782007536
855,4461,0.0007912699437142199
856,4470,0.0008144705762665423
857,4475,0.0008678829194360201
858,4479,0.00046760352815231916
859,4481,0.0009075642343700305
860,4494,0.0005268113173002004
861,4498,0.0008984566800044807
862,4499,0.000603049886498293
863,4500,0.0003651338404163274
864,4505,0.0009195139863386611
865,4506,0.0008708773129267248
866,4517,0.0008034525866209129
867,4527,0.0008867123263353247
868,4528,0.000926520525080457
869,4529,0.000499141151468829
870,4531,0.0008888922992052146
871,4533,0.0008766284601564329
872,4546,0.0008592886768354427
873,4557,0.0007506998913686623
874,4565,0.0007237567954763774
875,4587,0.00040736127558597447
876,4608,0.0006666478789451912
877,4614,0.00037544256613408197
878,4615,0.0005453479312193506
879,4622,0.0006394364465406333
880,4630,0.00084862690190774
881,4632,0.0003094501908782334
882,4642,0.0008933212718326306
883,4643,0.0008903566624892858
884,4647,0.0007562441336695681
885,4650,0.0007256581887422621
886,4653,0.00036610349644074713
887,4654,0.0008435077625870379
888,4659,0.0009208250545419456
889,4660,0.00043177187417432576
890,4668,0.0003493139864753663
891,4671,0.0008052167855980236
892,4672,0.0007573806511776568
893,4673,0.0004440254078259539
894,4674,0.0006266030643077784
895,4676,0.0008537445599174439
896,4678,0.0008906290419448591
897,4681,0.0008874897761322267
898,4683,0.0009167151216566604
899,4689,0.0005783389731829038
900,4690,0.0008604591345976694
901,4694,0.000842635749080375
902,4715,0.0004418100416157211
903,4719,0.000893718731063509
904,4721,0.0008244275075034586
905,4722,0.0007857617116332761
906,4723,0.0006855327974702572
907,4733,0.00035296951688085356
908,4737,0.000929525678944888
909,4738,0.0008998226183169398
910,4741,0.0008972554252404837
911,4743,0.0007425748065884318
912,4752,0.0008282138981132862
913,4754,0.0009127777243942589
914,4756,0.0008088459975525877
915,4757,0.0008591328048394993
916,4764,0.0007138479989273836
917,4766,0.0007956621359071962
918,4772,0.0004336638842267833
919,4778,0.0008561862198741047
920,4780,0.0008938482834575979
921,4781,0.0005832744555559746
922,4784,0.0005215615803484434
923,4801,0.0008190195540505029
924,4803,0.0007911186333778224
925,4805,0.0008760455676140839
926,4812,0.0006513042733875788
927,4817,0.0006759857599750176
928,4819,0.0007732360892930596
929,4820,0.00046717200575564137
930,4821,0.0008241639903441351
931,4836,0.0005323151661643009
932,4839,0.0007717364735315179
933,4850,0.0007000521100410105
934,4855,0.00077851184092696
935,4862,0.0006960740117164836
936,4865,0.0005657022923501225
937,4868,0.0005196774097980366
938,4869,0.0008713214826936502
939,4872,0.0008608099737374067
940,4876,0.0008129074234060592
941,4877,0.0005176356454311795
942,4882,0.0008394973745854847
943,4885,0.000716073743251153
944,4886,0.0008689574018230233
945,4887,0.0007235952885282126
946,4891,0.0004903998503387184
947,4896,0.0007539262723310458
948,4904,0.0007469680214403753
949,4908,0.0008383481809726079
950,4910,0.0008617864133926021
951,4914,0.0008174908705577234
952,4919,0.000807027222808876
953,4924,0.00026461506876423476
954,4930,0.0008704042010606956
955,4933,0.0007018020314042578
956,4937,0.0006509683261292327
957,4945,0.0008832021467309438
958,4950,0.00024947735347059075
959,4953,0.00031397512387548255
960,4955,0.000932293493174799
961,4957,0.0007586694234607761
962,4962,0.0007728277108300728
963,4965,0.0006586310241045925
964,4969,0.0007661404682891473
965,4971,0.0005171271431878179
966,4973,0.0009111706268892679
967,4975,0.0007540204655540184
968,4978,0.000422516853333203
969,4979,0.0005887842168564306
970,4984,0.0003281837322669036
971,4986,0.0004443761318311044
972,4987,0.0008967484266075521
973,4994,0.0008491983743020975
974,5000,0.0006611221862183086
975,5007,0.0007229910598277066
976,5008,0.0008253581010715943
977,5016,0.0005411726966397311
978,5019,0.0008704667912095048
979,5020,0.0007193769671685418
980,5025,0.0007418409006226664
981,5026,0.0007962353471014617
982,5029,0.000848303850904764
983,5033,0.0006918724613167537
984,5034,0.0007327420246145607
985,5044,0.00044352075828558345
986,5047,0.0005770454229957474
987,5053,0.0006937524401528491
988,5055,0.0007732195616020893
989,5061,0.0007042288660676161
990,5062,0.00044753303513547364
991,5066,0.0007485160975016611
992,5068,0.0008748723439038894
993,5070,0.0002943503397864063
994,5071,0.0008341469774992432
995,5075,0.0008709938415704567
996,5079,0.0008869177497442372
997,5083,0.0008472293330066528
998,5085,0.0003364021230433687
999,5096,0.0008643784203573029
1000,5104,0.0009049463850749629
1001,5105,0.0008180614770632304
1002,5112,0.0008949337411979682
1003,5148,0.0008181969441233495
1004,5149,0.0008763087147991419
1005,5158,0.0008072028788842477
1006,5165,0.000777160951428758
1007,5172,0.0007708477978703213
1008,5179,0.0008311610914220574
1009,5181,0.0004268266730174044
1010,5182,0.0007746941004758614
1011,5188,0.0008918011972432923
1012,5191,0.0009390704869078022
1013,5202,0.0008127006522231865
1014,5203,0.000315620586417049
1015,5205,0.0007922693604505463
1016,5209,0.0008625312436156847
1017,5217,0.0009104212480120809
1018,5221,0.0007460501348106226
1019,5228,0.0008743062169053993
1020,5230,0.0008470200857789411
1021,5241,0.0005123605703906922
1022,5250,0.0008693281396332829
1023,5265,0.0007067365534679091
1024,5271,0.0009003623698936606
1025,5272,0.0009159678649095595
1026,5276,0.0006718442255502772
1027,5277,0.0008703541074142127
1028,5278,0.0007305567773277572
1029,5279,0.0007938508777366387
1030,5283,0.0009119487337894736
1031,5284,0.0009245035344754479
1032,5295,0.0006565567621799956
1033,5297,0.0009339286635661798
1034,5299,0.0008516706934341004
1035,5305,0.0005963374681461278
1036,5311,0.0008252474007150502
1037,5323,0.0004103087184980774
1038,5327,0.0007213423892587624
1039,5332,0.0006796682391581919
1040,5335,0.0005679558976495334
1041,5339,0.000524301533504165
1042,5340,0.0008431314403823171
1043,5342,0.0006123382195639725
1044,5345,0.0009084929095850133
1045,5361,0.0008091152205296536
1046,5364,0.0006742242786297525
1047,5365,0.0009146331131062315
1048,5366,0.0006660261961684197
1049,5368,0.0006436745578444975
1050,5369,0.0003256881490887119
1051,5381,0.0004970635581318861
1052,5386,0.0006535691463957961
1053,5394,0.0007250765351000414
1054,5400,0.0004502018241062276
1055,5402,0.0008924722841259679
1056,5406,0.000907268288773641
1057,5417,0.0009212310044879144
1058,5421,0.0008686743983429911
1059,5422,0.0008912499014162542
1060,5423,0.000798418756786665
1061,5431,0.0008633092419591644
1062,5444,0.00034418391894235295
1063,5450,0.0009240050372255721
1064,5452,0.0007128711523748522
1065,5455,0.0008140610847048373
1066,5457,0.0009193866494836728
1067,5458,0.0007975586156973153
1068,5460,0.0007865892520034052
1069,5472,0.0007445050551531534
1070,5477,0.0005006833219417813
1071,5478,0.0006498009510183759
1072,5485,0.0006511896374665753
1073,5487,0.0006445784669260261
1074,5505,0.0007535904926146031
1075,5506,0.0006367101765019001
1076,5507,0.0009019505086646177
1077,5508,0.0004858046369694674
1078,5511,0.0008350376727221966
1079,5515,0.0008057207150047232
1080,5516,0.0008393553395957689
1081,5522,0.0008299131632354952
1082,5524,0.0007290667559135986
1083,5526,0.0005485529802493044
1084,5533,0.0008743938972567683
1085,5538,0.0007609845471652303
1086,5541,0.0006383857354729846
1087,5547,0.0006787501373621705
1088,5552,0.0005412904424563701
1089,5559,0.0006940098986995785
1090,5560,0.0006322225021634609
1091,5562,0.0006161037733929914
1092,5563,0.000892992959000904
1093,5568,0.0009159014861679026
1094,5572,0.0006079374897812788
1095,5582,0.0008797832237821729
1096,5586,0.0007078291192504334
1097,5587,0.000805047370760976
1098,5589,0.000871623562942948
1099,5590,0.0008336464973462997
1100,5595,0.0008486174150096313
1101,5598,0.0008573850070732745
1102,5600,0.0003867920676219299
1103,5606,0.000640554092852558
1104,5611,0.0008898499947779556
1105,5619,0.0007714638985510898
1106,5620,0.0006637303789125598
1107,5622,0.0006693784423377605
1108,5623,0.0008826759190412454
1109,5624,0.0007228431167576012
1110,5629,0.000896074458408205
1111,5633,0.00047491061026280247
1112,5635,0.0007092604180933985
1113,5640,0.0003382853833325952
1114,5641,0.0008292134176549568
1115,5651,0.0008681681784152765
1116,5652,0.0008313455724749394
1117,5653,0.0006153657601841985
1118,5655,0.00048127863789171246
1119,5656,0.000697155194254715
1120,5658,0.0004280846478527442
1121,5660,0.0008042233677898167
1122,5664,0.000542685881482737
1123,5667,0.0007252268437995214
1124,5687,0.0008212724127323335
1125,5689,0.000821566639491937
1126,5691,0.0008583910205332616
1127,5692,0.0007671433728986289
1128,5693,0.0006625685241876322
1129,5696,0.000855493323865154
1130,5697,0.000465733848622143
1131,5709,0.0006970421852211474
1132,5710,0.0005481102916449415
1133,5717,0.0005978542662482876
1134,5718,0.0008616780533811328
1135,5719,0.0008923454882007378
1136,5734,0.0008546437133668431
1137,5736,0.0003200724125528394
1138,5738,0.0005909380341386455
1139,5742,0.00042339130310169377
1140,5749,0.0004266721465255823
1141,5755,0.0009290402010849292
1142,5757,0.0008548577743181381
1143,5760,0.0008023949516821189
1144,5765,0.0008332195546111281
1145,5772,0.0008098779743109497
1146,5791,0.000881248432435243
1147,5794,0.0008207860762796495
1148,5797,0.0008244105800863646
1149,5802,0.000718933507346107
1150,5803,0.00037605135267974654
1151,5809,0.000918616030440851
1152,5817,0.0006651579110286673
1153,5826,0.00048736285689027193
1154,5831,0.00044336943399882667
1155,5835,0.0007462412236018823
1156,5841,0.000823278280347578
1157,5842,0.0007040023440309336
1158,5849,0.0008957925184936203
1159,5854,0.0007684016831272573
1160,5860,0.0008478698634834168
1161,5861,0.00041684722413782384
1162,5864,0.0005874893980859294
1163,5871,0.0008568381348231011
1164,5874,0.0008916604354805366
1165,5878,0.0007708080289449517
1166,5885,0.00035606570082948204
1167,5888,0.0009284433716254432
1168,5891,0.0006649402675414843
1169,5893,0.0008859831286603351
1170,5900,0.00039575505989370135
1171,5903,0.0008817961313494201
1172,5910,0.0007341586491613369
1173,5924,0.0007190237432653831
1174,5935,0.0008568884541582054
1175,5937,0.0009271020078243017
1176,5943,0.00036010832621756077
1177,5945,0.0004117702941642142
1178,5949,0.0008771499990867909
1179,5956,0.0007644716354791745
1180,5959,0.0009002124899641587
1181,5969,0.0008340756334838935
1182,5979,0.0008148892120207441
1183,5982,0.0008026163516088935
1184,5988,0.0008733285650869009
1185,5992,0.0009028414436313373
1186,5999,0.00041076434802633885
1187,6000,0.0009098033979971487
1188,6007,0.0006111945422082398
1189,6010,0.0004833632545723072
1190,6013,0.0008351390868098856
1191,6014,0.0004893312650226174
1192,6018,0.0008854805364300897
1193,6019,0.0008733918288688547
1194,6026,0.0009288427902763497
1195,6037,0.0003504521027445215
1196,6039,0.0003175973793891597
1197,6046,0.0008773426838155048
1198,6056,0.0009164785006729128
1199,6058,0.0008073187976156315
1200,6064,0.00047631122852793034
1201,6071,0.0008425630811221578
1202,6076,0.0005518350838026133
1203,6089,0.0006207696005469235
1204,6093,0.0008994290848498526
1205,6099,0.0009282174264615646
1206,6102,0.00047309737148558184
1207,6111,0.0006656828426629594
1208,6116,0.0008821727507074661
1209,6117,0.000855527583785951
1210,6118,0.0006206029098943166
1211,6122,0.0008931672347485926
1212,6134,0.0008949415721690974
1213,6139,0.0009141156161726248
1214,6149,0.0006924006035840853
1215,6154,0.0009042661093692658
1216,6155,0.0008052432381775483
1217,6169,0.000899778847007098
1218,6174,0.0006022362486229182
1219,6178,0.0007176933286187051
1220,6183,0.0008127401266620342
1221,6190,0.0005505898993383891
1222,6194,0.0009070446061794047
1223,6198,0.0009227431815394481
1224,6200,0.0006408143194110797
1225,6203,0.0005519011577585429
1226,6204,0.0008304447686536719
1227,6205,0.0004363972583507992
1228,6208,0.0003991046919941294
1229,6210,0.0007238536167529296
1230,6211,0.0007520189387546412
1231,6214,0.0008250754725785668
1232,6220,0.0007228182549336601
1233,6229,0.0007546634666756669
1234,6230,0.0009027517579676497
1235,6232,0.0008937491923173352
1236,6233,0.0008252255993938582
1237,6235,0.00044901116134980887
1238,6236,0.0008973788668172143
1239,6249,0.0004504045297279614
1240,6252,0.0005443740189170976
1241,6255,0.0007471819283436918
1242,6260,0.00035591777487455333
1243,6265,0.0005812574242968166
1244,6266,0.0006188247057071629
1245,6274,0.000812543428445233
1246,6275,0.0007156774818229899
1247,6278,0.0006117509138733843
1248,6283,0.0006450203211511289
1249,6291,0.00048257082136947925
1250,6296,0.0007849132352011078
1251,6301,0.00044824767382531936
1252,6306,0.0008394381313527628
1253,6330,0.000418739090562152
1254,6331,0.0008950138341290557
1255,6336,0.00049464657490403
1256,6337,0.00036763333490078025
1257,6338,0.000793767100968391
1258,6345,0.0008257283205734645
1259,6346,0.0008629442250267234
1260,6349,0.0008729672936367617
1261,6351,0.0003892690997587232
1262,6356,0.00034326300728197945
1263,6361,0.0006491616809881812
1264,6362,0.0008005594965812496
1265,6367,0.0008145481245032888
1266,6374,0.0005785289546608069
1267,6376,0.0004171619732564609
1268,6384,0.000611582555924127
1269,6386,0.000758601554074165
1270,6388,0.0008590348122395888
1271,6394,0.000793231272703847
1272,6396,0.0007721545640826398
1273,6399,0.0007940710312284111
1274,6404,0.0009175502506722594
1275,6405,0.0003715854183100204
1276,6409,0.0008833354670951909
1277,6415,0.0009142461360780971
1278,6431,0.0008820543020108699
1279,6434,0.0007257211037629279
1280,6435,0.0005758681097844242
1281,6436,0.0005868656513867955
1282,6437,0.0002933678398601739
1283,6440,0.0007074619306576258
1284,6449,0.0008140480841762293
1285,6457,0.000884771183833963
1286,6474,0.0004576706051211052
1287,6475,0.000627529767985581
1288,6483,0.00036958306926996405
1289,6485,0.0008624785164647628
1290,6501,0.0008783954778165694
1291,6503,0.0005594256363687864
1292,6505,0.0009102374530803294
1293,6508,0.0005925520709044091
1294,6510,0.0008113215583147378
1295,6518,0.0009228429679544219
1296,6520,0.0004769581115580998
1297,6540,0.0007779100041132924
1298,6548,0.0008331764784632884
1299,6549,0.00021285371293988707
1300,6550,0.0006544618897762717
1301,6557,0.0004039649935124476
1302,6563,0.0008434063612983695
1303,6564,0.0005583293418320095
1304,6567,0.00037009801428414474
1305,6571,0.0008923157254567512
1306,6580,0.0007199001319089664
1307,6592,0.0008477745348676618
1308,6603,0.0008231715902433668
1309,6611,0.0005891577294069254
1310,6614,0.0008804933974796823
1311,6627,0.000830428238757138
1312,6634,0.000896790104378047
1313,6639,0.0006951657136737606
1314,6648,0.0008469611378511937
1315,6650,0.0005736128390009627
1316,6653,0.0007902665233456629
1317,6654,0.0006360854570096419
1318,6657,0.0008223243244477063
1319,6658,0.0008018161010369112
1320,6661,0.00036141363596944246
1321,6662,0.0007328677060214096
1322,6667,0.0009164378560488104
1323,6673,0.0008940873178225996
1324,6676,0.0003965688201399576
1325,6682,0.0008808699229836617
1326,6684,0.000909086267211079
1327,6694,0.0008118936821273276
1328,6702,0.0008699158066911018
1329,6735,0.0008446359093302175
1330,6736,0.0005080915532081214
1331,6737,0.0006508223218351143
1332,6744,0.0008237081705909338
1333,6745,0.0006103439462881503
1334,6746,0.0008259615630985427
1335,6749,0.0007574462752789561
1336,6759,0.0005917651655729135
1337,6760,0.0006888072706918277
1338,6763,0.0008307015155733636
1339,6773,0.0004012304804487641
1340,6776,0.00045822007649163785
1341,6782,0.0006024347591161677
1342,6783,0.0006507944806400474
1343,6789,0.0008328181107178687
1344,6802,0.0007077211361681219
1345,6806,0.000376087129209137
1346,6809,0.0008633180890429643
1347,6812,0.0004043229993934589
1348,6825,0.0008603995234187905
1349,6826,0.0007751828959704048
1350,6838,0.0009039032313086268
1351,6850,0.0006646385625093744
1352,6858,0.0005552910456656191
1353,6864,0.0005480739661226002
1354,6866,0.0008980797637765772
1355,6868,0.0004910051874312348
1356,6871,0.0005420408698941582
1357,6876,0.0008832566045355686
1358,6882,0.0008323493552799341
1359,6886,0.0009144421260273728
1360,6888,0.0008686031773253243
1361,6893,0.0005354655456286774
1362,6897,0.000711240145822966
1363,6899,0.0006132638353030676
1364,6907,0.0008658695873653312
1365,6911,0.0003025503920481962
1366,6927,0.0009027320554851118
1367,6930,0.0008570147257786698
1368,6935,0.0009162831650782136
1369,6942,0.0008782794866950876
1370,6946,0.0005935334309648496
1371,6953,0.000910154577990515
1372,6979,0.0008559960134520987
1373,6989,0.000914971345847502
1374,6991,0.0008659438304282719
1375,7000,0.0003901474093564124
1376,7007,0.0005126209780748575
1377,7018,0.0008867710329251497
1378,7020,0.000887915823104182
1379,7036,0.0006617640761884895
1380,7043,0.0009231511813138145
1381,7044,0.0004781422632666741
1382,7046,0.0008627146354574432
1383,7054,0.0007126901613227851
1384,7056,0.0006854260992293196
1385,7057,0.0008045479008768981
1386,7066,0.0008807287136924203
1387,7068,0.0006678765721073002
1388,7074,0.0004157925705830367
1389,7077,0.0006506211580884566
1390,7079,0.000869864182693109
1391,7080,0.0008746215289078172
1392,7085,0.0007098880017869669
1393,7086,0.0005797387338908471
1394,7087,0.0008167269266427305
1395,7094,0.0008887728786837701
1396,7100,0.0005636846605960825
1397,7110,0.0006437841657053151
1398,7116,0.00027221171539683743
1399,7117,0.0008478952327399201
1400,7121,0.0007523650369126479
1401,7122,0.0009300309957255794
1402,7132,0.0006071232145436992
1403,7133,0.0008757921745403246
1404,7135,0.000730155903188388
1405,7141,0.0007994066152200267
1406,7142,0.0009205944021112522
1407,7147,0.0009174313650125696
1408,7153,0.0005758139681445423
1409,7159,0.0007595903183021423
1410,7162,0.0008271688322044204
