user_id,final_outbreak,std_outbreak,attack_rate,strength,pagerank
2718,5789.9,18.349114420047634,0.8068422519509475,22.409126736598605,0.00013330972785275595
3290,5788.0,16.20493751916372,0.806577480490524,66.68421118798724,6.095941446583219e-05
5251,5784.7,20.693235609734888,0.8061176142697881,560.2899768686842,0.0001345436755354789
5294,5784.4,15.538339679644025,0.8060758082497212,1112.044652483281,0.0002468846094292745
6126,5782.8,28.091991741419832,0.8058528428093645,989.0846671515234,0.0002211242324149093
1024,5781.7,17.720327310746832,0.8056995540691193,581.1854178142318,0.000144355406753767
2885,5780.8,17.010584939971935,0.8055741360089187,1229.6226324598983,0.0002770782276923804
2446,5780.1,29.854480400770672,0.8054765886287626,38.796331034279795,3.137386988684747e-05
1862,5779.7,23.030631775963073,0.8054208472686734,154.0267438381889,5.452044235363691e-05
4087,5779.5,26.751635464023504,0.8053929765886287,1160.3913373115397,0.0002615960675189616
19,5779.0,18.193405398660254,0.8053232998885173,79.0312277123268,0.00027636684725397987
1226,5778.8,26.3658870512638,0.8052954292084727,12.767611547767181,7.887814851231453e-05
3282,5778.3,20.503902067655318,0.8052257525083613,1261.6984611951207,0.00028250140086896
168,5778.0,19.094501826442084,0.8051839464882943,1186.4521681282422,0.0002654950603761852
3946,5777.5,21.804815981796313,0.8051142697881828,380.2228578788254,9.854924183021776e-05
4818,5777.4,18.863721796082555,0.8051003344481605,1060.3069334292295,0.00023660413090359982
3274,5777.3,25.92315567210134,0.8050863991081383,614.7136770097645,0.00014589474137553655
6239,5777.2,27.827324700732554,0.8050724637681159,801.7272284195661,0.0002170789072398979
6836,5777.1,31.24563969580396,0.8050585284280937,851.5610463802602,0.00019873817934657398
4958,5777.0,29.688381565858386,0.8050445930880713,1031.437252374054,0.00022953848238150518
4157,5776.9,17.131549842323082,0.805030657748049,1335.137882107866,0.00031174681775078734
3771,5776.8,25.868127106537884,0.8050167224080268,420.5791491418466,0.0001063837824417846
87,5776.7,19.839606850943394,0.8050027870680044,794.4904545963379,0.00018111954430062468
3792,5776.6,22.361574184301066,0.8049888517279822,1040.9598028047885,0.00023370073965280297
2653,5776.6,28.072050156695006,0.8049888517279822,7.921227849117076,5.3883519262539406e-05
6825,5776.1,20.877978829379053,0.8049191750278707,85.2269359851054,0.0002923348167039009
469,5775.9,17.24209964012504,0.8048913043478261,1018.3717256013749,0.0002362562224954133
1665,5775.8,14.012851244482688,0.8048773690078038,17.978699792091877,7.966568421228876e-05
5367,5775.5,20.761743664731053,0.804835562987737,1065.374978217615,0.00023786951290076047
2691,5775.3,12.41813190459821,0.8048076923076923,75.82809970180229,3.8924322623429086e-05
4998,5775.2,20.604853797103246,0.80479375696767,103.69358919295048,6.958725178262544e-05
1168,5775.0,18.64403389827427,0.8047658862876255,635.1909514105664,0.00015050958717050374
248,5775.0,17.555625878902752,0.8047658862876255,1076.4978481548092,0.00024219604439711174
2197,5775.0,16.816658407662327,0.8047658862876255,5.491174258868097,4.7971031979754625e-05
4541,5774.9,24.849346067854583,0.8047519509476031,334.0236221326107,9.020584086887848e-05
6803,5774.7,22.860664907215625,0.8047240802675585,1261.692617200219,0.00029030787788064064
4078,5774.7,20.342320418280703,0.8047240802675585,122.65748802554852,5.75369986009622e-05
5202,5774.4,24.1047713119208,0.8046822742474916,23.171104728478042,0.00013521581623787042
2664,5774.4,21.928064210048273,0.8046822742474916,912.0229326348622,0.00020590066206525412
6127,5774.3,21.47114342553745,0.8046683389074694,932.0476178412354,0.00021363615106106596
1175,5774.2,17.151093259614676,0.804654403567447,66.19999208375829,0.0002536274812007829
1221,5774.2,13.105723940324701,0.804654403567447,13.077950583108912,8.323238664490245e-05
2859,5774.1,11.308846094982458,0.8046404682274249,111.16258740499201,0.0003881355053783277
1047,5773.7,16.383223126112885,0.8045847268673355,693.1807738602539,0.00016523889771704475
748,5773.5,23.208834524809728,0.804556856187291,804.4680569206971,0.00019311629911612197
4733,5773.4,23.187065359807825,0.8045429208472686,11.657137128122711,6.567809039994003e-05
3626,5772.9,21.10663402819123,0.8044732441471572,66.47371433773684,0.00023348091037435085
3841,5772.7,27.448315066684877,0.8044453734671125,1128.8292559957629,0.0002527516754262642
6518,5772.5,20.006249023742555,0.804417502787068,110.08597094539564,0.00041188073437586675
2991,5772.2,19.605101376937586,0.804375696767001,1465.2024148718656,0.0003513910886179998
381,5772.1,27.511633902769205,0.8043617614269789,1049.4318571355273,0.00025061495010225503
712,5772.1,12.926329718833571,0.8043617614269789,322.379032628772,8.73537156665147e-05
3437,5772.0,24.60894146443524,0.8043478260869565,20.949936894710785,6.0253743025667416e-05
620,5771.9,30.412004208864634,0.8043338907469342,927.556454242105,0.00021286951953262915
3349,5771.8,16.749925372968086,0.8043199554069119,1406.2307074919154,0.000329208803987766
17,5771.7,22.25331435988806,0.8043060200668896,583.5610933540115,0.00013844456823221312
3703,5771.7,26.096168301112712,0.8043060200668896,1128.1181220271512,0.00025209235081222523
4446,5771.6,20.441134997841974,0.8042920847268674,95.40785430822403,0.0003728620344841012
4520,5771.6,18.505134422640655,0.8042920847268674,229.58995322681315,6.948927783652137e-05
3269,5771.2,14.654692081377895,0.8042363433667781,757.1637676311593,0.00017471215650964326
1046,5771.1,11.317685275708985,0.8042224080267559,11.343943517028801,4.911697741230983e-05
318,5771.1,17.03789893149974,0.8042224080267559,1131.2545462943092,0.0002525645064689351
6094,5770.9,16.549622352186773,0.8041945373467112,8.629454960972385,2.8642607379028638e-05
4417,5770.8,13.059862173851608,0.804180602006689,1348.371806804615,0.00031645347295620075
6612,5770.8,11.399999999999999,0.804180602006689,590.1138088760586,0.00014000231150964687
5163,5770.7,15.874822833657076,0.8041666666666667,902.1182938532542,0.0002078249763024297
4731,5770.6,21.312906887611554,0.8041527313266444,937.4427800751477,0.00021092593863716866
5686,5770.4,20.771133815947554,0.8041248606465997,694.4635902406341,0.00016068337818001867
308,5770.3,15.98155186457185,0.8041109253065775,859.068810736764,0.00019332823965198783
4761,5770.2,10.524257693538296,0.8040969899665552,1177.2917938676433,0.0002910731896217343
1741,5770.2,20.33125672456083,0.8040969899665552,728.5026887067996,0.000215888869262077
7115,5770.2,21.348536249588637,0.8040969899665552,741.0258158936566,0.00017398175858276757
2943,5770.2,17.168575945604807,0.8040969899665552,4.625006856996675,3.276425390466354e-05
1586,5770.2,17.00470523119998,0.8040969899665552,772.8656807219172,0.0001775116168003732
1034,5770.2,28.442222135409885,0.8040969899665552,176.7272188358704,0.00011822532994033832
4949,5770.2,18.8403821617291,0.8040969899665552,1358.6529395247128,0.00031904174655671537
1934,5770.2,20.932271735289508,0.8040969899665552,16.31424346378534,0.0003604288470820255
2470,5770.1,17.25369525637914,0.804083054626533,5.980878010263878,4.331089278963397e-05
4824,5769.7,14.9,0.8040273132664437,1126.8602888368569,0.00025262051084420066
1078,5769.5,18.222239159883728,0.8039994425863991,16.9518472376496,4.9874729460802306e-05
5385,5769.4,22.865694828716663,0.8039855072463767,1153.103618324232,0.00025833848886761945
6990,5769.4,18.271288952889996,0.8039855072463767,381.3498897924755,9.977974858050239e-05
408,5769.4,26.108236248356572,0.8039855072463767,937.3888467131289,0.00021129183840540896
3306,5769.3,18.02803372528463,0.8039715719063545,1455.8059992302676,0.00036491369305208915
1438,5769.2,17.98221343439122,0.8039576365663322,28.199688383282595,6.901785870061378e-05
3829,5769.1,15.208221460775748,0.80394370122631,1020.3710046167272,0.00023490842409659823
2677,5769.1,9.12633551870629,0.80394370122631,432.2992249473642,0.00010956980165688697
5981,5768.9,14.515164484083533,0.8039158305462653,598.1437721037937,0.00017373903870572275
2996,5768.8,20.163333057805698,0.8039018952062431,22.340851392482634,0.00012000687029830647
6393,5768.8,24.88694436848365,0.8039018952062431,1332.1840291667677,0.0003104249678786212
401,5768.7,21.73499482401595,0.8038879598662207,162.31602186151315,8.225543235881445e-05
1915,5768.6,18.569868066305695,0.8038740245261985,335.0256868379625,9.180816810919048e-05
5014,5768.5,24.06761309311748,0.8038600891861761,1343.1460999879143,0.00031075668849577225
4942,5768.4,30.552250326285296,0.8038461538461538,1138.9445586872466,0.0002569802537964656
106,5768.4,14.34015341619468,0.8038461538461538,1401.524616253085,0.0003258323937820895
1706,5768.4,22.01908263302538,0.8038461538461538,755.9713536438179,0.0001967515874150198
6865,5768.4,23.469980826579302,0.8038461538461538,98.92313314076274,5.337129479025547e-05
3114,5768.4,21.181123671797963,0.8038461538461538,876.7841003461726,0.00019976995978357294
1755,5768.4,24.418026128252055,0.8038461538461538,29.77629227383629,0.00013129678234193503
3318,5768.2,26.137329626417465,0.8038182831661093,948.4126948598717,0.00022323174559668
6430,5768.2,23.51084855976066,0.8038182831661093,64.21824333993013,4.415285692979582e-05
1195,5768.2,17.417232845661793,0.8038182831661093,10.722580452492195,5.810584646556793e-05
1533,5768.1,20.206187171260193,0.803804347826087,173.19265128526422,6.13680307630288e-05
2966,5768.0,19.667231630303235,0.8037904124860646,166.14872420597126,6.684408525696175e-05
2843,5768.0,24.16195356340211,0.8037904124860646,1383.3920822026591,0.00033892074449661804
1803,5767.8,22.49355463238303,0.8037625418060201,1369.3343187669125,0.00032186288979721824
2833,5767.8,27.805754800040944,0.8037625418060201,1310.0990785187423,0.0002951142174356607
535,5767.7,5.692978130996113,0.8037486064659978,1005.776981503799,0.00022452276787291687
3296,5767.5,18.342573429047516,0.8037207357859532,1119.6545663956138,0.0002563628986157083
3399,5767.5,18.730990363565937,0.8037207357859532,137.34980228394951,0.0004960305563093466
4169,5767.3,14.100000000000001,0.8036928651059086,125.62431058769022,0.00044234663443321965
2177,5767.3,20.586646157157315,0.8036928651059086,15.991278557056805,7.458964413716859e-05
1393,5767.2,14.572576985557497,0.8036789297658863,1161.013512469286,0.0002581741387139418
429,5767.1,10.866922287382016,0.803664994425864,993.8485635277646,0.0002224143661845884
7164,5767.0,15.401298646542765,0.8036510590858417,102.07510301922078,4.4306326079119414e-05
6532,5767.0,20.765355763867856,0.8036510590858417,1479.8781675919545,0.0003676324142106637
1565,5766.9,24.557890788909376,0.8036371237458193,213.63668955864696,6.612863320369427e-05
3544,5766.9,27.728865826066528,0.8036371237458193,29.09871066881652,0.00011316399383253802
5360,5766.8,22.444598459317557,0.8036231884057972,73.20851334975379,4.465435875803566e-05
5300,5766.6,29.32643858363985,0.8035953177257525,343.60536279302494,0.00011991263050151035
2447,5766.5,26.050911692299753,0.8035813823857302,994.3644844535819,0.00022344574299848672
4516,5766.5,16.51817181167456,0.8035813823857302,864.0745641714576,0.00019491487465577717
198,5766.4,18.089776118017603,0.8035674470457078,914.3646348544488,0.00020497319635014706
1618,5766.4,20.426453436659042,0.8035674470457078,725.778613961689,0.0001708510276442638
2119,5766.2,12.114454176726248,0.8035395763656633,197.88105589407704,6.292461929213471e-05
5626,5766.1,30.781325507521604,0.8035256410256411,330.6736600405171,0.00010215706778208433
5495,5766.1,20.171514568817088,0.8035256410256411,1238.1599201494842,0.00028087872094283443
4098,5766.1,17.259490143106778,0.8035256410256411,881.5917562420145,0.00020393303994354267
500,5765.9,17.98026696131067,0.8034977703455963,452.13277131656406,0.00011251127786557543
5955,5765.8,15.425952158618928,0.8034838350055742,153.9507495958799,5.462095550514898e-05
5771,5765.8,18.26909959467078,0.8034838350055742,18.46485945371515,4.587387412365788e-05
5460,5765.7,11.47214016650773,0.8034698996655518,51.558980986421574,0.0001883544382546728
2077,5765.7,26.453922204467148,0.8034698996655518,443.0089011290816,0.00011148550097420276
5678,5765.6,12.354756169184398,0.8034559643255296,962.28118419251,0.0002160523371308095
6421,5765.6,20.060907257649145,0.8034559643255296,16.918807359610554,3.260855628501223e-05
2644,5765.5,19.02235526952433,0.8034420289855072,980.4252805735515,0.000219675623345053
435,5765.5,22.787057730211682,0.8034420289855072,457.6231902231231,0.00011935737880629474
6527,5765.4,14.101063789657857,0.803428093645485,594.9749169974567,0.0001439012095169742
4653,5765.4,23.07032726252491,0.803428093645485,15.503916497366648,7.470410614789235e-05
1876,5765.2,14.736349615830918,0.8034002229654403,2.8785823634634005,3.674069773125518e-05
534,5765.2,18.258148865643527,0.8034002229654403,20.36116442296437,8.5590182261356e-05
503,5765.2,18.712562625145708,0.8034002229654403,16.651030331221783,3.626622919881137e-05
4015,5765.1,19.64408307862701,0.8033862876254181,602.1286930256622,0.00016158200274784176
4538,5765.0,15.684387141358123,0.8033723522853957,93.83234390530373,4.2434861865956005e-05
957,5764.9,28.455052275474735,0.8033584169453735,151.4848719311585,5.39667811321763e-05
4325,5764.7,24.7872951327893,0.8033305462653288,1340.80131947732,0.0003090558676540143
5664,5764.6,18.51053753946654,0.8033166109253066,14.227783105413272,0.0001380369585824804
6767,5764.5,18.682879863661277,0.8033026755852842,394.7602152434763,0.00010129959501035531
6983,5764.5,15.84455742518547,0.8033026755852842,1228.616561216203,0.00027768693898832847
4687,5764.5,21.55110205998756,0.8033026755852842,1437.1246266273838,0.00034557073173968026
6994,5764.4,24.896586111352697,0.803288740245262,69.38219777190355,3.714218317367644e-05
5045,5764.3,23.983536019528064,0.8032748049052397,20.33013648898219,0.0001037292296359275
4730,5764.2,13.474420210161178,0.8032608695652174,907.6841241127795,0.00020396179260157458
7008,5764.2,26.720029940102986,0.8032608695652174,8.08049193683328,3.1497703765402386e-05
7172,5764.0,11.331372379372237,0.8032329988851727,252.7500505422365,7.393745198289468e-05
7027,5763.9,17.558188972670273,0.8032190635451505,992.3622179370819,0.00022197268044142244
496,5763.8,22.35978532991764,0.8032051282051282,453.81157296453046,0.0001130220827085769
3773,5763.8,22.92945703674642,0.8032051282051282,1108.9460181108802,0.00024750979316378647
742,5763.7,16.811008298136077,0.8031911928651059,1222.5722739990103,0.0002732753048359111
2533,5763.6,20.43624231604235,0.8031772575250836,907.4915310709039,0.00022613472520394728
2024,5763.5,23.846383373585187,0.8031633221850614,2.137935170555027,3.0169715545581014e-05
5975,5763.4,22.61503924383064,0.803149386845039,998.1503703913141,0.00025907468353383997
5773,5763.3,27.199448523821214,0.8031354515050168,944.3772674510828,0.00021252347192996014
6821,5763.2,27.78416815382458,0.8031215161649944,8.972143272410356,5.5087226286784005e-05
1242,5763.2,30.55421411196825,0.8031215161649944,1257.8905357649003,0.00028551650392212645
2903,5763.2,15.7721273137139,0.8031215161649944,1372.8177400970426,0.0003145964066389852
3442,5763.0,16.46207763315433,0.8030936454849499,1147.4694388155028,0.00025500186742655325
6382,5763.0,21.540659228538015,0.8030936454849499,192.17834980677128,6.193935914600721e-05
4879,5762.9,13.924438947404667,0.8030797101449275,884.8142322546294,0.00019944954492934433
3523,5762.8,26.573671180324332,0.8030657748049053,784.8577474856304,0.00019766564104972882
1789,5762.7,28.08576151718162,0.8030518394648829,957.1878206247502,0.00025952863390962745
6969,5762.7,18.36327857437228,0.8030518394648829,1034.5676343309167,0.00023032283265443917
3779,5762.6,23.174123500145587,0.8030379041248606,96.33083793294504,0.0003937836696052793
2251,5762.5,15.350895739337167,0.8030239687848384,791.1661157014704,0.00018018617596064364
5345,5762.4,19.875613198087752,0.803010033444816,9.879969225164285,5.9061871951005705e-05
296,5762.4,24.707084004390317,0.803010033444816,440.4506438446058,0.00011021324176830932
2098,5762.3,14.940214188558343,0.8029960981047938,1374.7470978555568,0.00032769379427993023
5304,5762.3,19.864792976520043,0.8029960981047938,1076.9347526720808,0.00024221691833111104
706,5762.3,17.771043863543866,0.8029960981047938,799.1129498386695,0.00018177673648781065
3011,5762.2,14.756693396557374,0.8029821627647714,1287.7635393171943,0.0002893204674421986
585,5762.0,14.601369798755183,0.8029542920847269,1533.9919211290044,0.0004709020454851051
4888,5761.9,20.892343095019285,0.8029403567447045,792.8959526113489,0.00018726694476087785
217,5761.9,27.887093789063073,0.8029403567447045,957.5772162036943,0.00021469356160448689
3405,5761.8,16.4730082255792,0.8029264214046823,1339.2750691387662,0.0003072200270748148
4920,5761.8,15.57433786714543,0.8029264214046823,1025.9313292648733,0.00023013933484541583
5335,5761.7,16.775279431353745,0.8029124860646599,40.42296628576997,0.00017607350561240658
3731,5761.6,29.007585214905433,0.8028985507246378,209.68790287084022,7.582731318078383e-05
4763,5761.3,19.65731416038315,0.8028567447045708,1388.3624676342472,0.0003341918750626655
3660,5761.2,27.110145702301196,0.8028428093645484,11.103713658190081,6.525189694556836e-05
50,5761.1,15.280379576437229,0.8028288740245263,592.9129412577119,0.00014373411277580604
1487,5760.8,16.868906307167634,0.8027870680044593,875.0768436109286,0.00019802755136883745
1443,5760.6,21.721878371816743,0.8027591973244148,59.99867167647766,0.00021383510413445388
4655,5760.6,17.900837969212503,0.8027591973244148,1038.8344127708554,0.00023371314631464527
5502,5760.6,19.064102391667962,0.8027591973244148,914.0018824827768,0.0002059534834676658
1671,5760.6,19.53560851368598,0.8027591973244148,848.0294982547201,0.00019189285498789308
5665,5760.5,18.629278032172905,0.8027452619843924,92.21490617999748,7.407248021603911e-05
6738,5760.4,22.428553230201896,0.8027313266443701,1406.9331284218608,0.00043623387609892914
4104,5760.2,29.95930573294381,0.8027034559643255,103.65752701513318,5.201289370771719e-05
6723,5760.1,15.82055624812225,0.8026895206243033,1191.932425519469,0.0002674163932614393
1477,5759.9,18.77471704180918,0.8026616499442586,770.4285992783734,0.00017548273746512578
5079,5759.8,15.302287410710857,0.8026477146042363,70.74759114247574,0.00026162061274048005
3244,5759.8,17.08683703907777,0.8026477146042363,1045.1017814437025,0.00025276892520950217
2112,5759.6,12.33045011343868,0.8026198439241918,1146.3920259032882,0.00025538663189623783
2619,5759.5,18.602419197512994,0.8026059085841695,9.131537279941242,0.00010469714442121758
2614,5759.4,25.5507338446472,0.8025919732441471,14.110867416543497,2.6178483559196126e-05
4509,5759.4,25.56247249387273,0.8025919732441471,678.4014553815855,0.00016079905568191125
3968,5759.4,16.8,0.8025919732441471,658.1845347158104,0.00015326809388010375
3003,5759.3,21.75798703924607,0.8025780379041249,1029.0871715660426,0.00023213279276299665
1544,5759.1,27.467981360121826,0.8025501672240803,1363.1536835836882,0.0003195556958000979
1005,5759.1,22.133458834985554,0.8025501672240803,109.68487598825962,0.00038281926733999103
351,5759.0,20.342074623793906,0.802536231884058,490.59155892929664,0.00012010067049250304
6036,5758.9,22.69118771682082,0.8025222965440356,1133.1279510309419,0.0002534208206344072
6119,5758.9,17.50114281982751,0.8025222965440356,1371.363855462921,0.00032745729118418513
2412,5758.8,22.675096471680117,0.8025083612040134,115.43938500376858,4.686179021021418e-05
6589,5758.7,20.669059001318857,0.802494425863991,522.5216756437245,0.00014604462041046797
3671,5758.7,16.917742166140258,0.802494425863991,588.6439267799765,0.00013936220403257607
1649,5758.3,20.312803843881326,0.8024386845039019,961.7060563309318,0.00021519357799558813
3058,5757.7,17.49885710553692,0.8023550724637681,594.5846184528083,0.00015667049025695174
6562,5757.4,21.818340908510898,0.8023132664437012,9.903101461621652,9.890075338542565e-05
5046,5757.4,17.516849031718007,0.8023132664437012,1212.8571040979134,0.0002744242649917845
468,5757.3,16.73349933516597,0.8022993311036789,1381.7523211478422,0.0003205631020661172
4472,5757.0,21.71635328502463,0.802257525083612,1195.192939007112,0.0002746642485210686
2582,5757.0,16.437761404765553,0.802257525083612,206.06974622455152,6.447083086887791e-05
2418,5756.8,24.477744994177876,0.8022296544035675,1156.932564815652,0.00026239125274544355
6306,5756.6,20.78076033257686,0.8022017837235229,10.767265984142771,9.77721594122005e-05
4740,5756.4,28.7130632291297,0.8021739130434782,1327.609551224878,0.0003124038973909794
478,5756.2,14.945233353815524,0.8021460423634337,601.8333700556407,0.00017296214364191
1057,5756.0,19.110206696946005,0.8021181716833891,1446.2893949405934,0.0003543823886007646
4954,5755.9,17.985827754095723,0.8021042363433667,75.44780722261294,3.854981259641573e-05
1606,5755.8,22.868318696397424,0.8020903010033446,1393.3964648830342,0.0003292124292753251
6087,5755.6,12.322337440599489,0.8020624303232999,1014.5384358472504,0.00022712067748722122
549,5755.4,17.850490189347745,0.8020345596432552,1136.0136180052582,0.0002536664577832326
4450,5755.3,20.630317496345032,0.8020206243032331,798.5720103867754,0.00018153909859262957
4105,5755.2,29.026884090442778,0.8020066889632107,2.3798802001409003,9.314661667570306e-05
6495,5755.2,19.38452991434149,0.8020066889632107,1208.346535866956,0.00026908190748044236
5303,5754.1,15.871042813879624,0.8018534002229655,853.9255671810478,0.00020378943991160734
5099,5753.9,32.617326683834776,0.8018255295429207,1097.5130366406736,0.00024491328569997814
6052,5753.0,33.00303016391071,0.8017001114827201,747.4236383504764,0.00019033006077002877
1616,5752.8,30.983221265710895,0.8016722408026756,477.38119949470894,0.0001174540704090097
4462,5750.9,21.068697159530295,0.8014074693422519,1083.4191330321487,0.00024292881714234202
1144,5750.6,13.588230201170422,0.8013656633221851,16.80217618873597,0.00010678719859335199
5484,5747.7,19.04757202375148,0.8009615384615384,934.0248216297744,0.00021588061993401146
800,5209.9,1735.7835377719193,0.7260172798216276,2.3018848883687575,6.36974390117532e-05
5780,5206.5,1735.233716246892,0.7255434782608695,646.0965391970619,0.00015059457794622025
5879,5204.6,1734.7019455802777,0.7252787068004459,1123.4544431544425,0.000250072933439767
5101,5204.4,1734.6317303681492,0.7252508361204013,1141.5319770881708,0.0002554375155357665
3558,5204.3,1734.5604659394264,0.7252369007803791,1177.555756626335,0.0002775796078810822
1385,5203.5,1734.2405398329265,0.7251254180602007,147.72789214163112,0.0005111921369846918
1373,5203.4,1734.1910621381946,0.7251114827201783,949.2951378397019,0.0002146998395125226
2328,5202.7,1733.9897375705543,0.7250139353400222,269.8336989488527,0.0001020790957948617
543,5202.4,1734.0030103780098,0.7249721293199554,23.704910602253438,9.793965491065485e-05
4999,5202.3,1733.8218507101587,0.7249581939799331,1373.4295695432893,0.0003233370918696698
4348,5202.0,1733.4739109660693,0.7249163879598662,1.5469391884917638,2.3366651429531997e-05
6248,5201.6,1733.6537255172962,0.7248606465997771,137.70076413798898,5.783962851929882e-05
4168,5201.1,1733.4165367850856,0.7247909698996656,1030.8999234123012,0.00023020845328268727
2748,5201.1,1733.4935506081354,0.7247909698996656,1473.5666592349503,0.0003525367436562429
1033,5201.0,1733.3887619342638,0.7247770345596433,17.45327967005407,8.386553690738423e-05
4482,5200.8,1733.3428858711136,0.7247491638795986,63.8856959507165,3.6315025939570296e-05
6691,5200.8,1733.328693583534,0.7247491638795986,854.6493271125801,0.00019390730780079657
866,5200.4,1733.450385791298,0.7246934225195094,3.153543107370891,8.880525255042022e-05
3751,5200.4,1733.1810753640254,0.7246934225195094,2.9121020205411567,6.460646044680361e-05
3781,5200.2,1733.166050902221,0.7246655518394649,392.6248694514511,0.00010384385385371802
642,5200.2,1733.1561845373312,0.7246655518394649,22.741817039537572,9.571057846226552e-05
2166,5200.0,1733.1342706207156,0.7246376811594203,28.43037557792784,0.00014800611022912211
3252,5199.7,1732.9529162674905,0.7245958751393534,7.190821944017538,7.753786271200822e-05
1451,5199.7,1733.106346996629,0.7245958751393534,1109.5775170256654,0.00024754863722734744
4442,5199.1,1732.8227520436128,0.7245122630992197,29.523388551105853,7.078542365479581e-05
132,5199.1,1731.840954013965,0.7245122630992197,4.102850580254191,0.00014930232550164734
1919,5199.0,1732.7483948917684,0.7244983277591973,20.561030063813117,8.972027022049183e-05
80,5198.9,1732.7249897199497,0.724484392419175,598.0135879608163,0.00014164688356528788
1302,5198.8,1732.7019824539939,0.7244704570791528,1098.9104756803977,0.00026561013709278406
1760,5198.8,1732.698635077664,0.7244704570791528,16.744112613079857,7.960564725665183e-05
2778,5198.6,1732.60077340396,0.7244425863991082,23.489063862385386,0.00010821381969078265
6632,5198.3,1732.513956653741,0.7244007803790413,4.0465229398702185,8.983757903473502e-05
1615,5198.1,1732.454238933889,0.7243729096989967,0.6114940551672712,2.404609599384206e-05
6996,5197.9,1732.406387081276,0.724345039018952,170.8995273785753,6.050761928849096e-05
4253,5197.7,1732.2957628534452,0.7243171683389075,239.5712199888988,9.074690348558481e-05
5434,5197.7,1732.4080956864639,0.7243171683389075,1191.329633351571,0.00026703201673757503
5848,5197.6,1732.2502244190935,0.7243032329988852,494.16721540597064,0.00012093206491360879
425,5197.5,1732.2939271382324,0.7242892976588629,73.5083429524785,3.8329704740194545e-05
1022,5197.4,1732.2660996509746,0.7242753623188405,64.60102535243901,0.00023405799671429725
2465,5197.3,1732.2440388120838,0.7242614269788183,816.5243848692311,0.0001851354056972193
2392,5197.0,1732.1371770157236,0.7242196209587514,128.67737644524578,0.00045056751471563646
2484,5197.0,1732.0835430197933,0.7242196209587514,9.595954839238235,6.715395780217245e-05
4827,5196.8,1732.0162701314327,0.7241917502787069,1140.2453878525464,0.00025600456067156115
1737,5196.5,1731.9831552298654,0.7241499442586399,8.32991644050628,9.715537853329684e-05
6232,5196.4,1731.8478108656084,0.7241360089186175,61.72071853966902,0.00024422595507200026
6120,5196.3,1731.8728042209104,0.7241220735785954,249.0069636499519,7.556649654132718e-05
5634,5196.3,1731.932449606508,0.7241220735785954,168.89679575082576,5.731329185136285e-05
6976,5196.3,1731.8860268504968,0.7241220735785954,26.80961532483997,7.376169110993892e-05
4147,5196.3,1731.8667414093961,0.7241220735785954,780.0620695103783,0.00017758818441154835
3491,5196.1,1731.76865949237,0.7240942028985508,15.98775967182459,0.00014675225865298772
5155,5195.9,1731.7427897929877,0.724066332218506,1211.3560141353603,0.00027138116389141184
4747,5195.8,1731.6721860675593,0.7240523968784839,1437.8436415807037,0.00033924392170511634
6183,5195.8,1731.6525517551145,0.7240523968784839,18.014490242912117,8.749370703960217e-05
5325,5195.8,1731.7425212773403,0.7240523968784839,1013.9007088779424,0.0002268486505089903
1634,5195.7,1731.681093619723,0.7240384615384615,733.7846976708569,0.00016815958319543658
5858,5195.6,1731.6172902809674,0.7240245261984393,40.374193261759814,5.136304898443138e-05
4939,5195.6,1731.6174057799258,0.7240245261984393,756.4162095811964,0.00017382140281027708
3945,5195.6,1731.5688955395335,0.7240245261984393,1.8511881539809534,4.4956858248705646e-05
2952,5195.5,1731.5490319364335,0.7240105908584169,16.064703137841814,7.416717083542767e-05
6056,5195.4,1731.6223144785354,0.7239966555183946,102.93491923229809,0.0003508475914476947
4635,5195.3,1731.6385332972932,0.7239827201783724,1124.112264317127,0.00026952276063727833
5022,5195.1,1731.4462423072798,0.7239548494983278,15.98574471532175,2.6484499347535603e-05
2864,5195.1,1731.4888651100243,0.7239548494983278,1361.248445054938,0.0003180248590954854
1632,5195.1,1731.4094518628458,0.7239548494983278,1258.678252293597,0.0002976361016341838
3411,5194.9,1731.3700615408595,0.7239269788182832,69.03961398758821,0.00023900917812701811
4586,5194.9,1731.409105324331,0.7239269788182832,3.2480321831714862,6.0125768899535036e-05
4706,5194.9,1731.3999797851448,0.7239269788182832,798.8412027526788,0.00019062006636786475
550,5194.7,1731.3948740827436,0.7238991081382385,274.7466277137342,8.689881564642755e-05
5969,5194.5,1731.2664295249301,0.7238712374581939,5.614927476324889,4.2594216101831206e-05
683,5194.4,1731.197920516311,0.7238573021181717,9.08865462186685,6.161933751343981e-05
3620,5194.4,1731.182786420891,0.7238573021181717,77.68208618771484,0.00026930856535204123
5638,5194.4,1731.224260458477,0.7238573021181717,703.5579408869337,0.00016226166192705228
4035,5194.0,1731.0656833292028,0.7238015607580826,1434.728917977302,0.00033546223653273884
6174,5193.9,1731.0927444825131,0.7237876254180602,49.76257690697086,0.000199843528843471
4030,5193.8,1730.995251293313,0.7237736900780379,1410.7691506555075,0.0003324493925160643
1539,5193.8,1730.9780356780961,0.7237736900780379,1326.7996034487066,0.0003080721313691259
2669,5193.7,1731.0383040244951,0.7237597547380156,1353.9171847585098,0.00032135441848638003
3139,5193.7,1730.9632607308567,0.7237597547380156,68.42613527953029,4.605957683307924e-05
3377,5193.7,1730.9612387341317,0.7237597547380156,872.2296234307184,0.0001970601193294252
3796,5193.7,1731.0383040244951,0.7237597547380156,2.584661635633267,8.194273138296611e-05
1964,5193.7,1731.1012708677674,0.7237597547380156,762.5520413605508,0.00017433128097688448
5111,5193.7,1730.9727351983336,0.7237597547380156,1135.5924603995256,0.0002551858187793717
3861,5193.5,1730.9038823689777,0.7237318840579711,801.9721275738514,0.00018214559569986984
6210,5193.4,1730.900239759646,0.7237179487179487,4.790289547957096,4.14947160410867e-05
4819,5193.4,1730.8187195659746,0.7237179487179487,28.304534975228517,0.0001456292529021078
3770,5193.3,1730.8222930156635,0.7237040133779264,2.6983495146271563,7.278648604320483e-05
2318,5193.3,1730.9049107331114,0.7237040133779264,19.30867853173625,9.694998493162004e-05
1009,5193.2,1730.8727740651536,0.7236900780379041,11.07125199537257,5.923374030773956e-05
737,5193.1,1730.7577791245083,0.7236761426978818,2.31470695100705,3.2166229141610813e-05
4154,5193.1,1730.7336276850922,0.7236761426978818,104.63780851568423,4.47081016630117e-05
3164,5193.0,1730.8438404431522,0.7236622073578596,1021.890293128151,0.00022814856684467405
5786,5192.9,1730.8194850994716,0.7236482720178372,770.1485437151946,0.0001952143249398696
233,5192.9,1730.7260008447322,0.7236482720178372,749.1055321599623,0.00017165827065810955
3497,5192.8,1730.692739916592,0.723634336677815,1066.4323947598346,0.00023866494077969512
3656,5192.8,1730.5160964290392,0.723634336677815,3.984149768596526,5.6710678194637416e-05
2312,5192.8,1730.6611337867387,0.723634336677815,1291.402145089432,0.0003112892868097682
6571,5192.4,1730.5348999659036,0.7235785953177257,16.661784455841293,7.704905531307553e-05
5669,5192.3,1730.4921294244593,0.7235646599777035,2.903786173301455,3.688316787705369e-05
811,5192.3,1730.5414210587392,0.7235646599777035,1380.6550010712263,0.0003212937651028443
6745,5192.2,1730.5329121400725,0.7235507246376811,58.415026231681416,0.00021723178194328773
1550,5192.1,1730.497873445674,0.723536789297659,4.594643021934785,0.00014997458914738697
2117,5192.1,1730.4721581117683,0.723536789297659,765.6215680288129,0.00018563094704556344
6526,5192.1,1730.473140502331,0.723536789297659,701.0624793550876,0.00016174757034217595
5948,5192.0,1730.3705961440746,0.7235228539576366,953.6500122030383,0.00021676704822335533
245,5192.0,1730.4453184079525,0.7235228539576366,1263.9762726157917,0.00040038352035684586
1790,5192.0,1730.430235519479,0.7235228539576366,937.6450768975469,0.0002127658236003624
4250,5192.0,1730.3825010673218,0.7235228539576366,188.25780886748566,6.241739634527344e-05
2436,5191.8,1730.423000309462,0.723494983277592,12.301913597077425,8.239691519308968e-05
736,5191.8,1730.3702378392895,0.723494983277592,1358.3081008126994,0.00032898134028059374
2732,5191.8,1730.3884419401327,0.723494983277592,473.83660170697283,0.0001267676270333942
5994,5191.7,1730.4185071825832,0.7234810479375696,1449.2884862429094,0.00035138607380558683
4828,5191.7,1730.001968206973,0.7234810479375696,3.653993893690968,2.3960060694735565e-05
1153,5191.7,1730.3446506404441,0.7234810479375696,524.0430877403295,0.0001269117468190607
3483,5191.7,1730.3132693243729,0.7234810479375696,108.75643276280198,7.504025008059616e-05
6819,5191.7,1730.350834368568,0.7234810479375696,2.656730288970696,5.7648456036857095e-05
2301,5191.6,1730.2783128733943,0.7234671125975475,66.13193499945835,0.0002372320325496086
7174,5191.5,1730.286291340251,0.7234531772575251,838.4945609252245,0.00019597269806864105
5812,5191.4,1730.2348511112586,0.7234392419175028,467.78605953427876,0.00012993220350710936
5819,5191.4,1730.2397059367236,0.7234392419175028,589.2441883427505,0.00013953473017173495
789,5191.3,1730.2455345990638,0.7234253065774805,1209.616408009713,0.00029842424251056636
4239,5191.3,1730.2227631146227,0.7234253065774805,82.48152420476981,0.0003216688133343031
6867,5191.1,1730.1701332527966,0.723397435897436,1002.9522996517945,0.00022476855891877397
323,5191.1,1730.1668965738538,0.723397435897436,62.37838765745636,0.0002464476118473931
2728,5191.1,1730.1254549887417,0.723397435897436,278.0872937680799,8.046423436926895e-05
6908,5191.0,1730.0550280265654,0.7233835005574136,550.9694937761847,0.00014858898542351187
5714,5190.9,1730.1652204341642,0.7233695652173913,1039.6520448150457,0.0002348184414058583
4329,5190.9,1730.0263841918713,0.7233695652173913,3.4304259196491977,4.420716565941669e-05
2348,5190.8,1730.1505599224595,0.723355629877369,203.5259681680705,7.149338906406188e-05
4643,5190.7,1729.943123342499,0.7233416945373466,66.45021598509298,0.00023815026708359625
4880,5190.5,1729.9358514118378,0.7233138238573021,102.96514776314874,4.459464652351276e-05
2306,5190.5,1729.8789697548207,0.7233138238573021,332.62881648210873,0.00010884466841752595
3982,5190.4,1729.8559015131866,0.7232998885172798,1010.4689484528174,0.00022842467187317664
378,5190.2,1729.8640293387223,0.7232720178372352,776.4680175280068,0.00017655807955218388
1677,5190.2,1729.900274582324,0.7232720178372352,5.658297622953569,0.00012446109467436034
4787,5190.1,1729.8282255761696,0.723258082497213,970.3067009136191,0.00021675191243674446
6525,5190.1,1729.8677666226397,0.723258082497213,816.0057504581334,0.0001853513917582627
4165,5190.0,1729.8296447916482,0.7232441471571907,148.64774253294405,7.611421165697393e-05
5457,5189.9,1729.778971429587,0.7232302118171683,48.72329605281904,0.0002322481355993628
2252,5189.9,1729.7758496406404,0.7232302118171683,1.7847583836296095,7.10246582939324e-05
324,5189.9,1729.8167793150812,0.7232302118171683,1135.6766641919019,0.00025439126968341934
865,5189.7,1729.7276693167628,0.7232023411371237,34.286366863671304,0.00013465730396624282
996,5189.7,1729.7485973400874,0.7232023411371237,1086.6530723250253,0.00025438911045343497
5454,5189.7,1729.7169739584565,0.7232023411371237,1253.024616298492,0.00035335100497667924
2618,5189.6,1729.793929923446,0.7231884057971015,1062.4259179288508,0.0002394917078955548
6377,5189.5,1729.5281581980676,0.7231744704570792,6.949469356544331,6.741040755062212e-05
6418,5189.4,1729.5653326775487,0.7231605351170568,27.12480311655175,2.8909253979553247e-05
3704,5189.3,1729.5429482958784,0.7231465997770345,1298.050843680676,0.00029744405411107847
2515,5189.3,1729.4565071143013,0.7231465997770345,1365.812563295517,0.0003189644072233252
1315,5189.3,1729.5767141124443,0.7231465997770345,1363.7780165612012,0.0003250375256758655
3542,5189.2,1729.5744447695797,0.7231326644370122,1221.2591160623795,0.0002728638811107936
5035,5189.1,1729.4819715741473,0.72311872909699,1409.0082432877202,0.00034385851382160435
743,5189.1,1729.1523617078976,0.72311872909699,5.407204254321772,8.173778197383878e-05
5199,5189.0,1729.4616503409377,0.7231047937569677,6.446794438101061,2.4403458610126823e-05
5489,5188.8,1729.4149184044875,0.7230769230769231,1.9994578879359715,3.398325000496275e-05
3513,5188.8,1729.3984965877587,0.7230769230769231,6.766562716056402,2.462141415021262e-05
1410,5188.7,1729.2996299080157,0.7230629877369008,27.23907215920631,3.595212929849946e-05
4959,5188.7,1729.2966807346854,0.7230629877369008,1330.2600344192583,0.0003052280319239476
1074,5188.7,1729.4018069841377,0.7230629877369008,3.944487330909191,3.413609548420727e-05
852,5188.6,1729.2963424468348,0.7230490523968786,1037.6759578232666,0.00023188551562065355
6774,5188.6,1729.3243883089142,0.7230490523968786,641.3164306721014,0.00015163192774840775
4634,5188.5,1729.227298535389,0.7230351170568562,4.478213158214384,5.687862378610098e-05
6841,5188.5,1729.2726939381191,0.7230351170568562,1252.314684935611,0.00028217498528815234
1429,5188.5,1729.2913722100159,0.7230351170568562,4.583840866494929,8.824016529796879e-05
6695,5188.4,1729.2095997882964,0.7230211817168338,578.7633814559504,0.0001379540990234803
4985,5188.3,1729.1709024847717,0.7230072463768116,1388.2482429716401,0.0003195150086314377
4438,5188.3,1729.1708446535872,0.7230072463768116,46.97972218989377,0.00019022755854482417
3574,5188.2,1729.1305792218238,0.7229933110367893,1058.5294627710175,0.00023563413327832777
960,5188.0,1729.1308799509654,0.7229654403567447,38.05609951964205,3.1552989031910365e-05
1783,5188.0,1729.0869266754637,0.7229654403567447,675.5272699899,0.00015685991080567098
156,5187.9,1729.0653804873893,0.7229515050167223,1264.5764342245964,0.0002847791980239673
2118,5187.9,1729.1705207989176,0.7229515050167223,23.74247230212994,0.00010640715495645286
5723,5187.9,1729.1804099052245,0.7229515050167223,471.6640721133817,0.0001167438736926451
1643,5187.9,1729.088282882051,0.7229515050167223,5.412219807637026,4.172962435127495e-05
6761,5187.8,1729.039895433301,0.7229375696767001,1.3275823707134404,4.855637072271694e-05
6309,5187.7,1728.9459245447786,0.7229236343366778,717.8921770385837,0.00016469867736257335
2110,5187.7,1728.9739760910225,0.7229236343366778,1403.353740728199,0.00032441873112802686
6662,5187.7,1729.0345311762862,0.7229236343366778,3.4404283059995913,3.720659548859654e-05
2684,5187.6,1728.9393395952327,0.7229096989966556,274.9956945451236,8.760918433501368e-05
4434,5187.6,1729.019386820171,0.7229096989966556,10.453143392059216,4.8477628794093e-05
5059,5187.5,1728.9608584349155,0.7228957636566332,696.7357894952712,0.00016059427904704913
1452,5187.5,1728.9083405432457,0.7228957636566332,993.1313879148571,0.00022229920256686998
1215,5187.4,1728.9510808579864,0.7228818283166109,278.6511883825479,7.888982584451353e-05
6543,5187.2,1728.9119005895009,0.7228539576365663,730.6506834328874,0.00019311371539251432
4080,5187.2,1728.7895649847032,0.7228539576365663,487.3918875345602,0.00011933796723738196
6103,5187.1,1728.840793711208,0.7228400222965441,1475.2220824147,0.00036056360703119283
5241,5186.9,1728.7875202002124,0.7228121516164994,13.921857533278464,7.0340575523513e-05
3580,5186.8,1728.7436941316662,0.7227982162764772,35.828158548083415,3.55674081657395e-05
4556,5186.6,1728.6012379956228,0.7227703455964326,1195.1625899559401,0.00026797293005271247
3833,5186.5,1728.6262320119986,0.7227564102564102,8.886378451299146,2.502932501448906e-05
734,5186.4,1728.6356585469362,0.7227424749163879,74.45953517289279,7.960135892639933e-05
1566,5186.1,1728.5298059333545,0.7227006688963211,1099.923141851292,0.00024463906766136875
2781,5185.8,1728.3683519435317,0.7226588628762542,37.309767289290484,5.4048031968401025e-05
1535,5185.8,1728.4744024717288,0.7226588628762542,698.8301060800185,0.0001963899048437414
3226,5185.6,1728.2861568617623,0.7226309921962096,1412.0551207484891,0.00034627289081179164
5928,5185.5,1728.3145113086332,0.7226170568561873,227.86956940350285,8.824604549894396e-05
6046,5185.5,1728.2306703678187,0.7226170568561873,8.616064796747816,5.444557527600023e-05
2825,5185.5,1728.2064257489612,0.7226170568561873,588.0635723799959,0.0001393247820973479
1894,5185.4,1728.162330338212,0.7226031215161649,2.5759081829587473,6.760618197077217e-05
3601,5185.2,1728.1012007402805,0.7225752508361204,5.053154976915093,4.389208974641942e-05
3352,5185.2,1728.1731857658247,0.7225752508361204,502.1280868578538,0.00013954684224537337
2908,5185.1,1728.209272628752,0.7225613154960981,281.3056215645997,7.940879860956143e-05
185,5185.1,1728.128319888312,0.7225613154960981,6.608050560292267,4.7071779773244344e-05
5862,5185.1,1728.1654116432258,0.7225613154960981,1070.0180036015786,0.0002410650896878397
7063,5185.1,1728.1672633168355,0.7225613154960981,881.6416940581696,0.00019814426352091308
5283,5185.0,1728.0465271513958,0.7225473801560758,53.86433614628276,0.0001961016246362317
752,5185.0,1728.119613915657,0.7225473801560758,1218.1840419433283,0.00027570671814398256
3765,5184.9,1728.0900121232112,0.7225334448160534,10.298939783708084,9.289909980835251e-05
4728,5184.9,1728.058300521137,0.7225334448160534,48.27375416967565,5.35396423954193e-05
828,5184.7,1728.0747119265416,0.7225055741360089,1.0612269829613,8.541602476335053e-05
2678,5184.7,1728.0131394176376,0.7225055741360089,201.53263994101704,6.377952404365976e-05
3824,5184.6,1727.9068956399242,0.7224916387959867,1.676003512989622,5.336825012450511e-05
1926,5184.5,1727.8922564789739,0.7224777034559643,1100.866751745047,0.0002586865184784958
1020,5184.3,1727.816486204481,0.7224498327759198,1140.3127046492666,0.0002563152824227676
5416,5184.3,1727.875692866822,0.7224498327759198,447.3135380465054,0.00012984727281554602
538,5184.3,1727.879744079431,0.7224498327759198,117.41381079959152,0.00042489558420348084
4678,5184.2,1727.8675759444068,0.7224358974358974,98.51169847783412,0.0003475557242532374
2323,5184.2,1727.8530493071453,0.7224358974358974,1.466875678334408,4.9767990387482094e-05
1786,5184.1,1727.806033673919,0.7224219620958752,177.939860143122,0.00013049586740837327
5763,5184.0,1727.7588373381282,0.7224080267558528,1378.253376657673,0.0003172807638943863
5162,5184.0,1727.8050815991946,0.7224080267558528,1356.10387230403,0.00031575268268681114
1839,5183.9,1727.7604839791886,0.7223940914158304,904.5503435713543,0.0002066950747992725
199,5183.8,1727.812420374388,0.7223801560758083,712.219883505431,0.00016440481567392323
4359,5183.6,1727.6172724304422,0.7223522853957637,1507.0546130263451,0.00038407840106304935
6404,5183.6,1727.5949872582985,0.7223522853957637,43.67172940232311,0.00017321313350323022
6098,5183.4,1727.571891412916,0.7223244147157191,730.6540788476759,0.00018266368862151895
1322,5183.3,1727.497557161804,0.7223104793756968,494.33712939695897,0.00014779316008930448
3914,5183.3,1727.4995832126847,0.7223104793756968,1186.4612236648782,0.000266389019446346
5822,5183.2,1727.5718682590314,0.7222965440356744,1205.4060287551454,0.0002723613005104948
2526,5183.2,1727.46952505681,0.7222965440356744,7.5690411399470445,4.8810204731252014e-05
6555,5183.2,1727.5711157576118,0.7222965440356744,613.2791005019756,0.00014415241200981538
5639,5183.1,1727.5222979747614,0.7222826086956522,926.5662231028671,0.00020780412718025785
763,5183.0,1727.3899964976063,0.7222686733556298,39.1249650706508,0.00015257020811813634
4874,5183.0,1727.4535015449765,0.7222686733556298,1000.0642764657634,0.00022477787625186656
676,5182.9,1727.342319865984,0.7222547380156076,484.23108049052996,0.0001190253455183391
5096,5182.9,1727.5688958765147,0.7222547380156076,19.150987415782527,8.296211872236841e-05
4610,5182.9,1727.3618873878165,0.7222547380156076,1352.6351611454584,0.0003217810836656991
6501,5182.8,1727.3727333728525,0.7222408026755853,26.26811912673316,0.00014047914378707073
88,5182.7,1727.3218605691295,0.722226867335563,1357.8496685241826,0.0003126184100151014
6369,5182.6,1727.368588344711,0.7222129319955407,6.9085565415003245,0.0001109054376247509
177,5182.6,1727.325400727958,0.7222129319955407,4.616413530235983,6.911569338444095e-05
65,5182.6,1727.2746857405164,0.7222129319955407,482.3020399702042,0.00011846197341035897
3717,5182.2,1727.1611273995256,0.7221571906354515,523.5456178781003,0.00013365338023130438
2505,5182.0,1727.060161082989,0.7221293199554069,1127.3186736130833,0.0002553648887160745
5138,5182.0,1727.2715478464872,0.7221293199554069,791.9724052425921,0.00018674299065548077
7129,5182.0,1727.1261679448899,0.7221293199554069,742.6868454114202,0.000194264374262107
5816,5181.9,1726.6973938707386,0.7221153846153846,4.749754480010977,9.362122853899214e-05
4504,5181.9,1727.0217398747475,0.7221153846153846,4.774148430198156,0.00015214724215147118
1436,5181.7,1727.0587164309152,0.72208751393534,8.293632103629914,2.4931667358661567e-05
3358,5181.7,1726.976667474115,0.72208751393534,1269.825917560856,0.0002940723451861631
1407,5181.0,1726.7600296509067,0.721989966555184,17.529535760128773,0.00028811426178505003
4956,5180.9,1726.6489191494604,0.7219760312151616,1291.2861961361016,0.00029189058490963976
2045,5180.9,1726.7074708820833,0.7219760312151616,1117.6407304464717,0.0002489783795118513
2069,5180.6,1726.5798099132285,0.7219342251950948,1047.7784802664826,0.0002372869090187746
6405,5180.6,1726.6183249346104,0.7219342251950948,4.896463866572459,5.942950042842825e-05
2402,5180.5,1726.658869030012,0.7219202898550725,1040.4008279277775,0.0002707445703127542
2031,5180.5,1726.5177815475865,0.7219202898550725,99.97162924917268,4.364071943349985e-05
4304,5180.4,1726.5478388970284,0.7219063545150501,733.3297130999102,0.00017648439895640608
1149,5180.4,1726.6253907550415,0.7219063545150501,1370.6626036146988,0.0003244434564258329
1882,5180.3,1726.5401848784174,0.7218924191750279,388.44802806507096,0.00010029373292524874
61,5180.2,1726.5472365388675,0.7218784838350055,1164.239104118547,0.0002656333786800409
6891,5179.9,1726.3509173977347,0.7218366778149387,1007.0733533609213,0.00022548430230016645
5962,5179.3,1726.2636559923285,0.7217530657748049,117.91182775772646,6.429876740457864e-05
1412,5179.2,1726.152009528709,0.7217391304347825,195.62235740606158,6.249768227767958e-05
5768,5179.2,1726.1864209870266,0.7217391304347825,1178.447470166555,0.00027717124848139615
5419,5179.0,1726.1877649896608,0.721711259754738,557.8684076545128,0.00013323774956851302
786,5179.0,1726.0614705160417,0.721711259754738,558.3759716486595,0.00013353853593117243
1726,5179.0,1726.064367281823,0.721711259754738,1155.6836444426594,0.00025954733950760817
1374,5178.9,1726.1752778904001,0.7216973244147157,1306.9124120646077,0.0003355301346921394
239,5178.8,1726.0618065411215,0.7216833890746934,852.7828633234286,0.00021196084183163185
6927,5178.7,1725.9475107893636,0.7216694537346711,96.39593360388992,0.0003910597488507824
3799,5178.3,1725.8256024291677,0.7216137123745819,13.828229929497862,2.653325155585009e-05
3649,5178.2,1725.7945880086656,0.7215997770345596,1246.611117085658,0.00028109733165919133
4002,5177.8,1725.7707727273632,0.7215440356744705,2.8341087216912535,2.9599538878812184e-05
3599,5177.7,1725.6373923857816,0.7215301003344481,587.9037869097948,0.00014579972767001211
3686,5176.2,1725.2359143027368,0.7213210702341137,907.4087640501176,0.0002041402035549192
625,5175.6,1725.087429668421,0.72123745819398,1352.2399008666735,0.00035152081159239726
842,5175.3,1724.929682624773,0.721195652173913,517.1369927452484,0.00017019600427330608
5897,5172.3,1723.8972736216042,0.7207775919732442,245.37003309153158,7.203380505261045e-05
518,5168.0,1722.5577493947771,0.7201783723522854,1071.5924433560979,0.0002390921451689112
3002,4630.8,2314.92746322644,0.6453177257525083,1018.116149044424,0.00022847203409653486
6650,4627.3,2313.1704671294765,0.644829988851728,9.521673260140366,6.306597709711519e-05
1002,4627.1,2312.880604354665,0.6448021181716834,0.6975698589132333,2.4884295854487337e-05
6288,4625.8,2312.4595909982945,0.6446209587513936,1396.0759146074818,0.00033213309886302007
465,4624.6,2311.822147138486,0.644453734671126,1.0282314381640068,3.098383164867926e-05
970,4624.3,2311.704265255398,0.6444119286510591,17.77301140715926,0.0001029030758908615
1055,4623.8,2311.5253318966675,0.6443422519509476,3.990563898766101,9.077433075435623e-05
611,4623.1,2311.096425941592,0.6442447045707915,1314.3715012289244,0.0002994652876251884
5382,4622.8,2310.995318039394,0.6442028985507247,18.556454616341057,5.399577996532058e-05
561,4622.4,2310.7723903491665,0.6441471571906354,1532.479365624968,0.0004331775444736661
6811,4621.2,2310.2018872817152,0.6439799331103678,537.6182181408127,0.00016166106179937148
3942,4621.1,2310.250092522452,0.6439659977703457,34.650867475042574,3.086138740444667e-05
6661,4621.1,2310.165121804067,0.6439659977703457,0.9284500822381032,2.578554508662145e-05
5849,4620.9,2309.9872055922733,0.643938127090301,25.533414276385507,0.00010995656661659788
6627,4620.8,2309.9282153348404,0.6439241917502787,7.174358395113009,4.875694947228473e-05
6255,4620.7,2309.655084639263,0.6439102564102563,0.9065049723690032,7.210678771568584e-05
487,4620.7,2309.9704348757364,0.6439102564102563,984.530260078792,0.00022264465450944792
4836,4620.5,2309.7825114066477,0.6438823857302118,79.81341469215334,0.00028435588728441534
2183,4620.1,2309.5709320131305,0.6438266443701227,1012.0594236060149,0.00022591308891016932
1480,4619.8,2309.43793161886,0.6437848383500557,1132.7640719867957,0.0003273134069018449
208,4619.7,2309.4086277659917,0.6437709030100334,15.002206829415695,2.6182887281506525e-05
2471,4619.5,2309.3483171665553,0.6437430323299889,410.37075113639975,0.00010448654142726888
1244,4619.4,2309.2573784660726,0.6437290969899665,589.0752782490046,0.0001615921246309773
6146,4619.4,2309.2742236469016,0.6437290969899665,285.85781339092273,9.995493022286756e-05
5422,4619.4,2309.3280061524392,0.6437290969899665,177.37234645170605,0.0006310782410912685
3165,4619.2,2309.2455391317744,0.643701226309922,1167.3755660177521,0.0002884314925495228
6783,4619.2,2309.2292133956735,0.643701226309922,17.571221383886897,9.706406813856242e-05
6649,4619.1,2309.1668389269753,0.6436872909698997,2.0162140817934358,3.405344969637932e-05
4222,4618.8,2308.9940147172315,0.6436454849498328,1.1131211507941856,6.632152393382992e-05
3184,4618.7,2308.8993070292177,0.6436315496098105,1.4934825894802803,6.97826024214275e-05
2523,4618.6,2308.8791306605895,0.6436176142697883,1107.0733038968538,0.00024714635299700056
2138,4618.1,2308.6143224887087,0.6435479375696768,66.53073865728823,0.0002438833896342058
169,4617.8,2308.4322732105443,0.6435061315496098,2.8491461980401183,3.186557422912917e-05
1042,4617.8,2308.4585246436636,0.6435061315496098,1.886547096428756,3.717353397798491e-05
5152,4617.8,2308.4424532571743,0.6435061315496098,1429.0248218653169,0.0003375019886394298
6906,4617.8,2308.4162016412897,0.6435061315496098,1.9245375667754616,7.900534797591395e-05
1352,4617.7,2308.4033464713225,0.6434921962095875,1063.6625900434221,0.00023672984016149076
1718,4617.7,2308.505795964134,0.6434921962095875,0.62814115614623,2.53370223889313e-05
5556,4617.7,2308.4273456186575,0.6434921962095875,1128.581202203969,0.0002585038093827532
3006,4617.6,2308.119329670804,0.6434782608695653,4.491362928630538,0.00011254638858258255
7021,4617.5,2308.306619580683,0.6434643255295429,1214.4435930854115,0.000275881391702595
3684,4617.3,2307.963606732134,0.6434364548494984,1.746323739698368,4.744889468792169e-05
4588,4617.2,2308.1634604160945,0.643422519509476,372.47968578282155,9.724210957634644e-05
2284,4617.1,2308.087886108326,0.6434085841694538,2.2073063512383095,3.3127999190535524e-05
2876,4616.9,2308.010808033619,0.6433807134894091,1221.4624694273007,0.00027385598654283065
5543,4616.9,2307.7539058573816,0.6433807134894091,2.127381321322911,5.281537638588727e-05
2445,4616.8,2307.9722182036767,0.6433667781493869,0.6642504635268426,4.7089622671310274e-05
5911,4616.7,2307.8875644190293,0.6433528428093646,27.753301399545634,5.171475261170972e-05
1662,4616.4,2307.7791142134897,0.6433110367892976,1.113244106939451,4.185789300626664e-05
5140,4616.4,2307.7300188713584,0.6433110367892976,671.1441547566973,0.00017548055597598527
927,4616.3,2307.6893660109454,0.6432971014492754,933.5055571854631,0.0002121555617909077
286,4616.3,2307.6969926747315,0.6432971014492754,49.1651254279601,8.274228029381461e-05
5007,4616.1,2307.6317058837612,0.6432692307692308,1.8615480122752217,2.9551609805158242e-05
6785,4616.0,2307.515677086507,0.6432552954292085,0.974226482077095,4.562972978464127e-05
1971,4615.9,2307.5406150271765,0.6432413600891861,701.8152744958675,0.00016217058239664597
7070,4615.9,2307.482673824443,0.6432413600891861,1370.5905266956697,0.00034268448283556526
3313,4615.7,2307.428440927259,0.6432134894091416,859.3984753266448,0.00019381918233675894
5105,4615.7,2307.1545700277647,0.6432134894091416,6.313778294316637,4.397067409048432e-05
5893,4615.7,2307.3897828498766,0.6432134894091416,0.9220497251717592,2.988045998883523e-05
937,4615.4,2307.3225695597916,0.6431716833890746,1324.5468353198557,0.0003047373218844601
2018,4615.3,2307.217850572416,0.6431577480490525,73.37596333022937,0.0002668529907655764
3469,4615.3,2307.2146432441004,0.6431577480490525,6.770287490055524,7.264147698027082e-05
5700,4615.3,2307.2660466448165,0.6431577480490525,1228.6867031258976,0.00031244075797668184
4505,4615.2,2307.1556861208996,0.6431438127090301,32.94917818153756,0.00014976704346397106
2264,4615.2,2307.1578099471217,0.6431438127090301,352.89457835359383,9.410299760792708e-05
4019,4615.2,2307.153258888538,0.6431438127090301,1166.0711882575813,0.0002629786036784455
6814,4615.1,2307.133522360594,0.6431298773690078,368.7150569789006,0.00011602038405358718
6686,4615.1,2307.079558662856,0.6431298773690078,1099.5194658891053,0.0002462374328023459
5114,4615.0,2307.038968028065,0.6431159420289855,1168.3113877310504,0.00026088800202707645
5698,4614.9,2307.0529447760837,0.6431020066889631,1416.6460919155152,0.0003350329182475319
228,4614.9,2307.0090355263023,0.6431020066889631,1386.4289958679421,0.000321292261120412
5072,4614.8,2306.9594621492593,0.643088071348941,2.344793746257338,9.763465578515153e-05
2173,4614.7,2307.0602961344553,0.6430741360089186,1.510844779307778,7.016780669518715e-05
4782,4614.6,2306.8270936504973,0.6430602006688964,1.9513167816817523,5.039266174814135e-05
2794,4614.6,2306.902477349227,0.6430602006688964,337.4710882749844,9.001444379117904e-05
2705,4614.6,2306.851889480554,0.6430602006688964,93.28656047977526,5.129572150722357e-05
1543,4614.4,2306.7347571838422,0.6430323299888516,1072.40484604124,0.0002400651316810186
5680,4614.4,2306.8662813435894,0.6430323299888516,1012.2029835376071,0.00022923638332246745
5633,4614.4,2306.7653196630126,0.6430323299888516,109.39794558503517,0.0003892300204956289
7006,4614.3,2306.75152758159,0.6430183946488295,1498.6118927120567,0.000386338723797767
2666,4614.3,2306.673754565218,0.6430183946488295,500.79623446882675,0.0001220129493350959
5503,4614.2,2306.6557957354626,0.6430044593088071,1164.6419521706127,0.00027202416035075757
5559,4614.0,2306.657018284253,0.6429765886287625,3.105677611841261,4.063259569560851e-05
3907,4614.0,2306.528170216007,0.6429765886287625,591.2698023194866,0.0001572415516901464
6812,4613.9,2306.4860914386627,0.6429626532887402,107.08581005067852,0.0003774744124013398
6772,4613.8,2306.4998504227133,0.642948717948718,1140.0582599421477,0.0002539301497983204
5792,4613.8,2306.4978127021927,0.642948717948718,2.9174376009879275,0.00010631316204485735
157,4613.7,2306.3814103482537,0.6429347826086956,17.88174455656069,8.598895301129101e-05
3316,4613.6,2306.383281243601,0.6429208472686734,1484.681634122712,0.0004080143057602684
319,4613.5,2306.276403642894,0.642906911928651,1250.6717153212853,0.0002806259140805855
4625,4613.5,2306.3544502092473,0.642906911928651,1288.7268994283888,0.00030184872596769597
179,4613.5,2306.343827359659,0.642906911928651,1244.2845132500952,0.0003177724671677303
2812,4613.5,2306.3107010981844,0.642906911928651,91.42480677284769,0.0003246136480709582
4522,4613.4,2306.308227449228,0.6428929765886288,810.3904650303067,0.00018401076489310233
2887,4613.1,2306.100277524809,0.6428511705685619,337.2837470647334,9.06041160763274e-05
5435,4613.0,2304.084113047959,0.6428372352285395,1.9102986932436212,0.00010118983466723314
1928,4612.8,2306.0470853822567,0.642809364548495,2.826821563816555,7.027180264125398e-05
131,4612.7,2305.9217267721815,0.6427954292084727,4.8268380871399055,4.0225863665054325e-05
4271,4612.6,2305.8942386848535,0.6427814938684504,1165.9790557201254,0.0002975750733529294
3859,4612.6,2305.8892080930514,0.6427814938684504,1387.5784646461857,0.00032122710655441643
491,4612.5,2305.8186940867663,0.642767558528428,26.14040194078009,2.8798416159862618e-05
965,4612.5,2305.6073494851635,0.642767558528428,1.3386680082702902,3.937464201933204e-05
6142,4612.3,2305.7580120212097,0.6427396878483835,718.428553533262,0.0001706035884747244
1406,4612.3,2305.7329008365214,0.6427396878483835,1077.714260758945,0.0002449289075813788
4288,4612.2,2305.669481950958,0.6427257525083612,21.26460864508393,2.7569840671225605e-05
756,4612.1,2305.6163796260644,0.6427118171683389,1091.7556192274162,0.00024365163327693773
2836,4612.0,2305.581705340325,0.6426978818283167,2.9512383211982813,3.533700639605356e-05
5910,4611.8,2305.4880090774705,0.642670011148272,1.9409324894229754,5.264093948294702e-05
3616,4611.8,2305.409846426444,0.642670011148272,354.59566266417147,9.551190167233939e-05
4690,4611.7,2305.3869111279346,0.6426560758082497,93.51798823024221,0.00033965850048451414
5133,4611.7,2305.436880506599,0.6426560758082497,3.2147584949716257,4.163566639097146e-05
6391,4611.6,2305.4338940858834,0.6426421404682274,1.3395864509005528,4.435393741648252e-05
3317,4611.4,2305.303242525807,0.6426142697881828,8.23008216949245,4.138778687540963e-05
2287,4611.2,2305.1731301574728,0.6425863991081382,40.835224055824554,0.00014959522107765798
5804,4610.6,2304.849201140934,0.6425027870680045,1.2013736714595706,3.1537619115643944e-05
2095,4610.6,2304.8511969322444,0.6425027870680045,28.80900039964593,6.714271241514661e-05
7170,4610.5,2304.861742057428,0.6424888517279822,1.428375191260654,6.704807155854683e-05
2513,4610.5,2304.8036033467147,0.6424888517279822,73.71803205254487,0.000257573662624225
1595,4610.3,2304.7387726161073,0.6424609810479376,2.449652883570007,2.360856201629374e-05
6656,4610.2,2304.6471226632507,0.6424470457079152,2.358486411269361,9.704149109729683e-05
4603,4610.2,2304.6902091170514,0.6424470457079152,872.528604086667,0.00020511176337092329
6946,4610.0,2304.556790361218,0.6424191750278707,5.044061882431445,3.894741300619536e-05
1650,4609.9,2304.526565262375,0.6424052396878484,864.6348809042581,0.00020655251745414974
3395,4609.8,2304.443308046436,0.6423913043478261,1404.9638374792155,0.00033699447347921283
3305,4609.8,2304.4559357904845,0.6423913043478261,1259.5788756082143,0.00028349373299423573
6030,4609.7,2304.5011629417763,0.6423773690078037,2.181483569572597,3.0259500881221627e-05
1860,4609.6,2304.3764102246837,0.6423634336677816,19.344312078812475,5.218309028583752e-05
6236,4609.5,2304.346469175154,0.6423494983277592,86.00709339247355,0.0003011918180638682
91,4609.4,2304.266052347254,0.6423355629877369,383.0678607689729,0.0001157894006425352
41,4609.3,2304.1843263940495,0.6423216276477146,7.5961979578287275,4.584509644019083e-05
1499,4609.2,2304.2432510479443,0.6423076923076922,579.8839986841,0.0001376166961040164
6270,4609.0,2304.056336116806,0.6422798216276477,1.4888050097418035,4.6867497494564984e-05
4094,4608.9,2304.014602818307,0.6422658862876254,1158.9938003817363,0.0002650348984468712
5547,4608.7,2303.3813861364774,0.6422380156075808,2.0808391290854074,7.82147072376109e-05
5584,4608.6,2303.957169740792,0.6422240802675586,310.7921767779709,9.731599659651199e-05
2509,4608.3,2303.6946433935204,0.6421822742474916,1218.3285886349636,0.0002809209985294782
2094,4608.1,2303.6242944542846,0.6421544035674471,44.91683140925455,0.00018771800296914272
1335,4608.1,2303.6384460240283,0.6421544035674471,834.8280453645226,0.00018867320783443034
4674,4608.0,2303.535326405914,0.6421404682274248,1.5431554007842365,2.8287609763250958e-05
576,4607.6,2303.340148566859,0.6420847268673356,1079.5873976393866,0.0002419965034400746
4318,4607.4,2303.272636923384,0.6420568561872909,1152.7098250053568,0.0002583182323066184
2398,4607.2,2303.133465520398,0.6420289855072463,1.0889209037859575,3.5354750585893685e-05
6849,4607.1,2303.090855784895,0.6420150501672242,1082.4037286870828,0.00024258816532076865
4257,4606.8,2302.9981676067396,0.6419732441471572,1218.295981340857,0.00027724421214151025
1507,4606.7,2302.9172390687427,0.6419593088071349,971.1565799595245,0.0002320585367745013
2168,4606.6,2302.880248732009,0.6419453734671127,948.0464022635299,0.00021559535032439646
31,4606.4,2302.826141939508,0.6419175027870679,2.5657592156973554,4.851315639688168e-05
7068,4606.4,2302.7142766743773,0.6419175027870679,38.74652065131409,0.00014701894285775076
6304,4605.8,2302.4497736107082,0.6418338907469342,1.9408199498317176,4.433318161371652e-05
1561,4605.2,2302.137128843545,0.6417502787068005,2.5744530100117937,3.842932833936067e-05
3132,4605.1,2302.1060118943265,0.6417363433667782,54.862930278653046,0.00021565046319383893
1820,4605.0,2302.263277733457,0.6417224080267558,1350.5889297632932,0.00031215320862710487
1297,4605.0,2301.567813469766,0.6417224080267558,1.2166690986884119,2.3331212751661463e-05
1425,4604.8,2301.991259757517,0.6416945373467113,1386.133934483986,0.0003366002556067357
4537,4604.7,2301.8784090390177,0.641680602006689,648.610340643286,0.00015338224154912475
6296,4604.5,2301.80391215238,0.6416527313266444,29.19573643311448,0.00013268082075222468
6049,4604.1,2301.6722377436804,0.6415969899665552,1122.3704804151093,0.00025091061434456987
2997,4603.8,2301.5078448704016,0.6415551839464884,653.0921565473129,0.0001519401559896481
251,4603.7,2301.3957525814635,0.641541248606466,1.985041452492689,4.0017561125610535e-05
5706,4603.6,2301.3532627565023,0.6415273132664437,1098.7823444788269,0.0002480051740494306
79,4600.7,2298.3809975719864,0.6411231884057971,1.1466839488105554,6.777669190814369e-05
5146,4599.1,2299.086838290368,0.6409002229654404,1225.3083240531075,0.00028766558621796815
4162,4598.9,2299.0043257897537,0.6408723522853957,65.0689991494543,0.0002640653477437044
4506,4595.5,2297.290893639724,0.6403985507246377,7.173912805379619,6.513923837823463e-05
5160,4593.0,2296.0257838273506,0.6400501672240803,269.669347957032,7.695581076403848e-05
982,4050.1,2650.8148728268447,0.5643952062430323,1.4297560777346079,3.547506553596066e-05
3024,4049.0,2650.0482259762744,0.5642419175027871,944.3002660163581,0.00021210811314548067
2890,4045.3,2647.7055368752776,0.5637263099219622,1.9966884243477803,4.21980158752775e-05
511,4044.7,2647.0492269695324,0.5636426978818283,1.555180509538074,2.3392847687997208e-05
932,4044.2,2646.918880509941,0.5635730211817168,0.9397071510477955,2.6140867602347726e-05
5687,4043.8,2646.7076075758728,0.5635172798216277,20.24145990533991,8.719336384642803e-05
3605,4043.8,2646.660718717078,0.5635172798216277,0.7741425603017383,3.744843277515015e-05
747,4043.7,2646.6142163148747,0.5635033444816053,0.9999818258532461,2.4488239449527656e-05
1097,4043.1,2646.229561092537,0.5634197324414716,0.8067709766638433,6.0559731693531204e-05
6080,4042.8,2646.0709287545565,0.5633779264214047,1043.27466933051,0.00023262803840116226
1372,4041.6,2645.257424146089,0.5632107023411371,1093.5137734247705,0.00024510900951576884
5190,4041.5,2645.2038957328036,0.5631967670011149,1370.4415729504876,0.0003193041238052892
6229,4041.4,2645.0978885477944,0.5631828316610925,28.135534467183405,0.00011482395309277229
2550,4041.2,2644.950993874934,0.5631549609810479,968.7625224499842,0.00021832200930839446
3407,4041.2,2645.049519385223,0.5631549609810479,2.305373206404252,3.0517949303592446e-05
3941,4040.9,2644.7623125717746,0.563113154960981,1283.8046456951135,0.00029059851816599523
3265,4040.8,2644.4685969018424,0.5630992196209588,0.7030050495923297,2.319858314003702e-05
1483,4040.3,2644.3661263145846,0.5630295429208473,0.9992073914146231,5.1659297363728064e-05
2249,4040.1,2644.3290812604996,0.5630016722408027,1188.3739896356333,0.00026667896165800747
3362,4040.1,2644.244408143846,0.5630016722408027,1222.0111662966278,0.0002750164938878694
5841,4039.9,2644.019759759749,0.562973801560758,2.355378609097755,7.792675608369156e-05
96,4039.5,2643.879393996632,0.5629180602006689,1.488771362043127,3.2958515764963336e-05
1287,4039.1,2643.631685768651,0.5628623188405797,2.5235753876323526,0.0001080243100021174
1281,4038.9,2643.2708317537194,0.5628344481605352,0.6891610610465894,4.974107473018741e-05
547,4038.5,2643.2043526749876,0.562778706800446,37.362789110030285,0.0001591112240943539
4391,4038.3,2643.048279922257,0.5627508361204013,4.4032654307942645,3.2678282442705076e-05
711,4038.0,2642.8984467814876,0.5627090301003345,2.5028690869733903,0.00013014376543475653
3016,4038.0,2642.9832008546705,0.5627090301003345,0.9659626657763962,2.877192643925147e-05
6148,4037.8,2642.873769214111,0.5626811594202898,5.916641677447624,0.00011847318299257341
2716,4037.6,2642.596003932497,0.5626532887402452,1.5266030841072302,2.3502753109697705e-05
1328,4037.4,2642.5348512365927,0.5626254180602007,1300.1456512059744,0.00029811034793541245
476,4037.3,2642.415676989523,0.5626114827201784,482.076696988292,0.00014489886930857689
473,4037.2,2642.340999946827,0.5625975473801561,599.4189581122235,0.00014651103960647754
4409,4037.1,2642.26813363065,0.5625836120401337,0.9395511814642237,2.3228161321013997e-05
4071,4037.0,2642.2664892095954,0.5625696767001115,0.876174817415992,2.3375108774987894e-05
733,4036.8,2642.090187711237,0.5625418060200669,34.1598027290158,3.100125968129434e-05
3822,4036.7,2642.01839698364,0.5625278706800446,2.2953949821443413,5.542633128709899e-05
6933,4036.7,2642.0563222611286,0.5625278706800446,1.0048354985482746,4.666898621330008e-05
586,4036.5,2641.93025078256,0.5625,342.13676059451535,0.00010788223898133117
3482,4036.4,2641.8105609600398,0.5624860646599777,736.998275046516,0.00018773701931441852
3309,4036.4,2641.8200998554007,0.5624860646599777,969.6118353953193,0.0002168341976568654
2208,4036.3,2641.7702417129312,0.5624721293199554,1.3774485351147734,4.365101300345941e-05
4751,4036.1,2641.3855625409933,0.5624442586399108,0.7186379906828162,4.264729163638667e-05
2673,4036.1,2641.644731980438,0.5624442586399108,928.3180370285481,0.00020792256948096025
6057,4035.8,2641.427598856346,0.5624024526198439,1433.1164340375956,0.00034328142400082747
6539,4035.3,2641.1355909911176,0.5623327759197325,560.0640251850376,0.00013533968337086887
6530,4034.8,2640.762874625437,0.562263099219621,1154.2871614646872,0.00025703761883678005
2948,4034.6,2640.641028235379,0.5622352285395763,1.8657131738889836,4.7682607600388936e-05
833,4034.6,2640.4048628950823,0.5622352285395763,3.5256574849369793,3.721285243651547e-05
1600,4034.0,2640.2758567998153,0.5621516164994426,0.3498013150377131,2.8922271774868132e-05
6578,4033.7,2640.097916744756,0.5621098104793757,4.721482642071331,0.00011611916893770496
4568,4033.2,2639.7575570495105,0.5620401337792642,1239.927376241384,0.00028686220239347235
5751,4033.0,2639.6479310695963,0.5620122630992196,1.797853464345278,3.0236713039269437e-05
2949,4033.0,2639.5843991052834,0.5620122630992196,163.60527231993132,5.6920192434580597e-05
2029,4032.6,2639.3558759667103,0.5619565217391305,37.7299454077682,0.00014863278413588464
93,4032.6,2639.3391294034195,0.5619565217391305,1.1414301406922496,4.526046625546571e-05
4217,4032.1,2639.011006039952,0.561886845039019,1034.1724846620991,0.00023090934679919
4512,4031.9,2638.8600360761843,0.5618589743589744,991.0686445433494,0.00022755868986196429
3892,4031.7,2637.4520678109016,0.5618311036789297,1.6780114076575674,8.109524757471729e-05
6749,4031.5,2638.6473902361413,0.5618032329988851,11.624519417273792,5.876138191790328e-05
3784,4031.2,2638.4695109096865,0.5617614269788183,2.1479816313962403,3.7483034147784576e-05
1383,4030.6,2638.032911091141,0.5616778149386845,1.4620142562019645,3.997091396494051e-05
1702,4030.0,2637.652137792245,0.5615942028985508,1.2276638644633677,2.3358075972556346e-05
4817,4028.4,2636.6099521923984,0.561371237458194,4.0591660606388436,4.285853269311173e-05
3206,4028.3,2636.346640713243,0.5613573021181717,2.816444447853106,3.386194429584682e-05
3217,4027.7,2636.158798327597,0.5612736900780378,118.99730284710142,6.714458978703653e-05
5867,4026.5,2635.3981957191972,0.5611064659977704,1.3777462289229627,4.247591466192562e-05
3473,4025.8,2634.9020019727486,0.5610089186176143,1.6985838938442426,6.412083030563997e-05
5231,4025.8,2634.8857584343195,0.5610089186176143,1418.3733191813055,0.0003654682384469936
2687,3472.1,2834.18487223399,0.4838489409141583,2.129902965011865,3.0042911435044274e-05
2574,3470.3,2832.730027729434,0.483598104793757,0.9477035769275504,4.7777318181344106e-05
6386,3468.4,2829.286913693979,0.48333333333333334,0.9121548773798291,7.684601095094085e-05
457,3466.9,2829.946128462519,0.4831243032329989,0.3408146250695839,2.310804385622803e-05
2155,3466.5,2829.212443419546,0.4830685618729097,1.384991003201794,5.9071759230502765e-05
7020,3466.4,2829.116335536593,0.4830546265328874,8.433272535279087,0.00015903769061120486
2407,3465.5,2827.788968434526,0.4829292084726867,0.9780796917857123,8.689146539048767e-05
2057,3465.4,2828.687087678664,0.48291527313266447,0.9314552326444077,2.6545746374115308e-05
6816,3464.5,2827.968608383056,0.48278985507246375,0.30048480906081276,3.573374118951679e-05
6801,3463.7,2827.332560913201,0.4826783723522854,0.9311795436592869,5.030937862484707e-05
5599,3463.4,2827.0494583575996,0.4826365663322185,0.6374138547037841,3.3689152214727377e-05
6506,3463.3,2827.0136204128908,0.4826226309921962,0.6117753083455111,2.317788991587031e-05
3971,3461.6,2825.617072428605,0.48238573021181713,25.841935438444583,2.8631655029174223e-05
1446,3461.4,2825.420719114235,0.48235785953177257,0.6205384300430392,2.5036235732721936e-05
2751,3460.5,2824.4993627189933,0.4822324414715719,0.32042744525328265,2.44412084481211e-05
3262,3459.2,2823.661091561804,0.482051282051282,0.30544314823355123,2.8032813679158836e-05
1880,3459.2,2823.142709818262,0.482051282051282,1.0153197634439501,7.816968130168123e-05
6318,3458.5,2823.081729245542,0.48195373467112596,277.6012925290875,7.864360215988132e-05
4103,3458.2,2822.8272281526547,0.4819119286510591,0.33372456645169435,2.3104947915965158e-05
1562,3458.2,2822.823614751726,0.4819119286510591,0.39984391380604634,2.312807887003001e-05
5956,3457.9,2822.6014047328754,0.4818701226309922,1.848758377773347,3.4953405388395726e-05
6688,3457.5,2822.230403422088,0.48181438127090304,0.7193774031395802,4.717625837998895e-05
3043,3457.2,2821.99698086302,0.4817725752508361,1.9712641603162853,7.629053656916246e-05
5482,3457.2,2822.001516654447,0.4817725752508361,0.6390922129568666,2.911649161855491e-05
437,3456.8,2821.7077027927608,0.481716833890747,0.7614574226169842,5.542669904525965e-05
6725,3456.8,2821.6709163189103,0.481716833890747,1027.785233849826,0.00022886376064116038
101,3456.4,2821.350818313809,0.48166109253065775,0.9139125803389276,2.3249096455851167e-05
486,3455.7,2820.7774477969724,0.48156354515050165,3.007733253109414,4.909804290533182e-05
3450,3455.1,2819.8630268153097,0.48147993311036785,1.8472241365791358,4.357682002367416e-05
95,3453.7,2819.160869833433,0.4812848383500557,1.2380584717272647,3.454088672461709e-05
7094,3451.0,2816.9234281392883,0.48090858416945376,51.97102853530321,0.00020690471143864662
1056,3448.9,2815.2484597278444,0.4806159420289855,0.6155526432076379,2.3222408064513765e-05
6226,3444.4,2811.3608164019074,0.47998885172798217,1.1338849002131655,2.6698694771884505e-05
2020,2896.6,2893.652370275324,0.4036510590858417,1.3562305495888882,9.512555159119848e-05
509,2891.6,2889.3209305994374,0.40295429208472683,1.1208344274090076,8.485224425017048e-05
230,2891.4,2890.408247981589,0.40292642140468227,0.30006586958246434,3.5424297977932305e-05
1219,2889.8,2888.8360562690295,0.40270345596432555,0.36175239139396453,2.311154664215227e-05
5176,2889.7,2888.7067365864605,0.4026895206243032,0.3474529530835104,4.3174466113520763e-05
2650,2889.5,2888.119950763818,0.4026616499442586,0.8858631990193087,5.409772149952415e-05
6425,2889.5,2888.3388045726215,0.4026616499442586,0.333945070086654,2.3167316920789332e-05
6999,2889.5,2888.373080126596,0.4026616499442586,1.2818683893178175,5.1273593670713184e-05
5782,2888.6,2887.4335386290713,0.40253623188405796,0.3320520046530261,2.3163241179218064e-05
5602,2888.3,2886.9495683160108,0.4024944258639911,0.6421242100841169,3.959254639348139e-05
2846,2887.4,2885.813306504771,0.4023690078037904,0.920914602152608,2.9507307508227358e-05
2260,2886.9,2885.7853506454703,0.40229933110367894,0.415038000046664,2.3125075554126818e-05
4166,2886.6,2885.438829710309,0.402257525083612,0.9266325840855469,6.365753739303622e-05
1061,2886.4,2885.227519624752,0.40222965440356745,1.0722742301649244,2.363263789297563e-05
2531,2886.2,2885.2143005329776,0.40220178372352283,0.6133309662217836,2.3176635467093103e-05
2755,2886.0,2885.016949690244,0.40217391304347827,0.6470764943755476,4.191540668098661e-05
3885,2886.0,2884.219235772482,0.40217391304347827,1.1332823870987485,0.00011004266934647481
4914,2885.7,2884.7160016195703,0.40213210702341134,0.6238812311460245,2.5142933364146684e-05
764,2885.5,2884.5205234145933,0.4021042363433668,0.9271214158357264,3.29275275330407e-05
4590,2885.4,2884.497224820991,0.4020903010033445,0.6668702532107655,3.828892601117472e-05
2585,2885.3,2884.1097777303835,0.4020763656633222,0.7029411680297366,7.609856326282714e-05
5054,2885.0,2883.648938411193,0.4020345596432553,0.6567803376821828,2.318704285088676e-05
1321,2883.9,2882.7046831057805,0.40188127090301007,1.0283060541622993,4.459159100591533e-05
2354,2883.7,2882.5155003919754,0.4018534002229654,0.612481259852796,2.83679194211766e-05
2764,2883.2,2880.82220208051,0.4017837235228539,1.0063015451254864,8.477813822695354e-05
3213,2881.2,2880.225505060324,0.401505016722408,1.9359374132460971,4.7701895726303706e-05
6240,2880.5,2878.516571083099,0.40140746934225197,0.7647646260356913,5.229324302933567e-05
2771,2879.0,2877.8313710153348,0.4011984392419175,0.7675641087931284,3.3766847515422725e-05
3898,2878.3,2876.7065561158647,0.40110089186176145,0.7909304859015632,5.884559328644606e-05
4254,2877.8,2876.6501977126104,0.40103121516164997,0.9486367745728772,8.817769905369998e-05
4597,2877.4,2876.0172878479016,0.4009754738015608,0.6393065477771658,6.778558220268206e-05
3869,2876.4,2875.4610482494804,0.4008361204013378,0.3012988697990183,2.309851211689188e-05
1740,2316.8,2836.3177819137263,0.3228539576365664,0.62043996835473,2.317533132876392e-05
3148,2315.5,2834.4684245904027,0.3226727982162765,0.6853981887652424,3.0137532483467255e-05
4890,2315.1,2833.7870932728874,0.3226170568561873,0.6543210537521424,5.354938436028692e-05
2900,2313.8,2832.217357478059,0.32243589743589746,0.33086485179972513,2.3140001196978045e-05
2820,2313.6,2832.3675326482617,0.32240802675585284,0.3285764989984396,2.312090812040503e-05
2807,2313.2,2831.475721245019,0.3223522853957636,0.3221633490640682,3.477461288405054e-05
6763,2312.7,2830.2264944700096,0.3222826086956522,0.9783723700277034,9.21837607042346e-05
472,2311.8,2830.169528491182,0.3221571906354515,0.31479680148002187,2.4140665034875987e-05
4316,2311.4,2828.4411324968387,0.32210144927536233,0.6344599002905409,6.115015519440154e-05
5642,2310.8,2828.9376380542576,0.3220178372352286,0.35532985606709583,2.3118770388812207e-05
6299,2310.6,2828.6886078181174,0.3219899665551839,0.30644997849893996,2.8767822892685637e-05
5180,2310.3,2827.9440959820968,0.3219481605351171,0.32722554115433194,2.3108417446295345e-05
3608,2307.9,2825.1946994853292,0.321613712374582,0.6580814375862167,2.946734722352507e-05
1193,2307.9,2824.9965822988174,0.321613712374582,0.7124852698251827,6.322452382520801e-05
4705,2307.3,2824.4442656919255,0.3215301003344482,0.30096313197449515,2.310767778958206e-05
3257,2307.0,2824.060233068693,0.32148829431438125,0.40040970078646543,3.865659133828504e-05
6029,2306.5,2823.6603637831518,0.32141861761426976,0.31113187619811067,2.3162887627809368e-05
5922,2305.3,2822.0172235477235,0.3212513935340022,0.6769701939680446,3.7717300356598945e-05
1197,2304.8,2821.37065271474,0.3211817168338908,0.7418529972943744,6.904074787023234e-05
2127,2304.3,2820.572957751669,0.3211120401337793,1.3400405307089647,6.138004893122925e-05
1103,2304.0,2820.203432378594,0.3210702341137124,0.49589494222566405,2.9938944542526486e-05
2333,2303.6,2819.5632356803067,0.32101449275362315,0.34847186683011777,3.9549580637781166e-05
3989,2303.1,2819.4999361588925,0.3209448160535117,0.6204729970990737,2.994662648105194e-05
5921,2302.5,2818.5552061295516,0.3208612040133779,0.30177229094391156,2.31287973646188e-05
5425,2299.7,2815.356426813486,0.3204710144927536,0.34891493040802457,2.3143672479315064e-05
1721,2297.7,2812.8805182588185,0.32019230769230766,0.7365271664457494,3.651054611730767e-05
6250,1737.2,2650.8002489814276,0.24208472686733556,0.3183717526345934,6.0664550690593055e-05
1965,1732.4,2644.114679812508,0.24141583054626534,0.32862505940260434,5.4477056372213985e-05
5492,1731.9,2643.3485751977546,0.24134615384615385,0.8025050140789778,8.31460398094385e-05
3386,1730.8,2641.4549324188743,0.24119286510590857,0.30596570959610675,5.362223614246156e-05
5060,1730.4,2641.7142616111983,0.24113712374581941,0.36070510516324705,2.316625449672665e-05
2302,1730.4,2641.069639369625,0.24113712374581941,2.3922716820765833,0.00013155870372367172
5837,1730.2,2641.4207464923115,0.2411092530657748,0.4706618761343802,2.3142765458680087e-05
4829,1729.3,2639.843709388872,0.24098383500557413,0.3083468841859002,5.1643852830148156e-05
6376,1729.1,2639.7637943573664,0.24095596432552954,0.3592341372571732,2.353148918218287e-05
6208,1729.0,2639.362726114014,0.24094202898550723,0.3464524216325576,6.618402678702316e-05
3534,1727.7,2636.5109538934216,0.2407608695652174,0.7632072355088855,0.00011259974390793896
1075,1726.9,2636.1415914172744,0.24064938684503903,0.34106111385253546,4.4163160398019354e-05
1041,1726.6,2635.9591119742354,0.2406075808249721,0.3031218047607821,4.093721856703493e-05
3706,1725.4,2634.0864146796703,0.24044035674470457,0.6504699628032105,2.630278734793733e-05
4486,1725.3,2633.93489099484,0.24042642140468226,0.3054472740680843,2.3249461745008708e-05
7054,1160.3,2318.1057374503002,0.1616917502787068,0.305376105646172,2.4350251751497587e-05
1181,1158.7,2314.6500405028837,0.16146878483835006,0.3003674927801481,5.193186465842975e-05
1188,1158.4,2312.301892054755,0.1614269788182832,1.4222229166131832,0.00015857183975665978
2984,1156.9,2311.800270352091,0.16121794871794873,0.3186772130959406,2.31035785230849e-05
5990,1156.6,2307.708699121273,0.1611761426978818,0.9748229020300111,0.00012489097258917327
1261,1156.0,2309.7902935115126,0.16109253065774806,0.3641685282572799,2.312312009657691e-05
4194,1155.4,2308.561812037962,0.1610089186176143,0.45269753117683226,6.217469835078778e-05
5934,1155.2,2305.900683030386,0.16098104793756968,1.0749341010946751,0.00010537256079704362
6531,1154.9,2306.565691672362,0.1609392419175028,0.9843737581259243,8.837688673980648e-05
3438,1154.9,2306.55637043624,0.1609392419175028,0.9935465833778705,7.529189809705734e-05
37,1153.8,2305.3618284338795,0.16078595317725752,0.30031914528042697,2.7736451388926193e-05
5785,1153.7,2305.440350562122,0.16077201783723524,0.34317462073735516,3.063440447602418e-05
5230,1153.3,2304.6000976308233,0.16071627647714604,0.3057961227935216,2.4457230446042467e-05
4096,1152.6,2302.7021605062173,0.16061872909698996,0.7208362904601973,7.409237740792224e-05
2215,1152.5,2301.511992147771,0.16060479375696768,1.2540620560391813,0.00012586408432827573
2579,1148.5,2294.5018740458677,0.1600473801560758,0.6091278478844961,3.1981385676611406e-05
5414,584.0,1744.000229357783,0.08138238573021182,1.0932543191839126,0.0001322054283116743
321,580.1,1734.6337624985858,0.08083890746934226,0.35944892389016125,8.091370408687797e-05
7002,579.4,1734.5333781740842,0.08074136008918617,0.31455066885015265,5.346688030471728e-05
5193,579.2,1733.266788466219,0.0807134894091416,0.3064221039242087,7.864727768343435e-05
5261,578.4,1732.2000000000003,0.08060200668896321,0.3063970979081559,2.311218339821958e-05
4246,577.8,1729.0667309274097,0.08051839464882943,0.41200457835414284,5.9937407121638924e-05
247,577.2,1728.6000000000001,0.08043478260869566,0.31569946193935405,3.295135727521115e-05
3163,575.6,1720.1338436296169,0.08021181716833892,1.2250845859021264,0.00015019735012303638
3319,574.5,1719.8333785573532,0.08005852842809365,0.31967920055639876,3.664382898723366e-05
3499,3.7,0.6403124237432849,0.0005156075808249722,1.0220011222800278,0.00015528283015905543
2689,2.9,2.4269322199023193,0.0004041248606465998,0.3798139878577541,9.334223569290401e-05
1142,2.4,0.9165151389911681,0.00033444816053511704,0.7953940850968368,0.00016236788650891132
4366,2.2,1.4000000000000001,0.000306577480490524,0.6526568544514499,0.0001512518714924123
1423,2.0,0.7745966692414834,0.0002787068004459309,0.6661205727638333,0.00020841017245513805
3520,2.0,1.1832159566199232,0.0002787068004459309,0.8802988786961862,0.00014934169018733862
5762,1.8,0.8717797887081348,0.0002508361204013378,0.7749326434595778,0.00020841017245513805
2882,1.7,0.45825756949558394,0.00023690078037904124,0.36810933185009725,0.00015357916230215418
544,1.7,0.6403124237432849,0.00023690078037904124,0.31021388046632065,7.13476615849859e-05
393,1.6,0.48989794855663565,0.0002229654403567447,0.32481043033829304,0.00015357916230215418
1172,1.6,0.48989794855663565,0.0002229654403567447,0.36786717188709694,0.00015357916230215418
6909,1.5,0.5,0.00020903010033444816,0.36302264659595174,0.00015357916230215418
5944,1.5,0.5,0.00020903010033444816,0.35035333002573193,0.00015357916230215418
3412,1.4,0.48989794855663565,0.0001950947603121516,0.3566289879567114,0.00015357916230215418
3413,1.4,0.48989794855663565,0.0001950947603121516,0.36475622255079115,0.00015357916230215418
6150,1.1,0.3,0.000153288740245262,0.31550155518073364,3.9774197296211855e-05
5676,1.1,0.3,0.000153288740245262,0.30791574213318235,0.00015357916230215418
2338,1.0,0.0,0.00013935340022296544,0.0,2.3036874987245457e-05
2927,1.0,0.0,0.00013935340022296544,0.0,2.3036874987245457e-05
7167,1.0,0.0,0.00013935340022296544,0.0,2.3036874987245457e-05
1623,1.0,0.0,0.00013935340022296544,0.0,2.3036874987245457e-05
3889,1.0,0.0,0.00013935340022296544,0.0,2.3036874987245457e-05
1747,1.0,0.0,0.00013935340022296544,0.0,2.3036874987245457e-05
4865,1.0,0.0,0.00013935340022296544,0.0,2.3036874987245457e-05
2992,1.0,0.0,0.00013935340022296544,0.0,2.3036874987245457e-05
332,1.0,0.0,0.00013935340022296544,0.0,2.3036874987245457e-05
2835,1.0,0.0,0.00013935340022296544,0.0,2.3036874987245457e-05
3484,1.0,0.0,0.00013935340022296544,0.0,2.3036874987245457e-05
3821,1.0,0.0,0.00013935340022296544,0.0,2.3036874987245457e-05
6028,1.0,0.0,0.00013935340022296544,0.0,2.3036874987245457e-05
696,1.0,0.0,0.00013935340022296544,0.0,2.3036874987245457e-05
73,1.0,0.0,0.00013935340022296544,0.0,2.3036874987245457e-05
6118,1.0,0.0,0.00013935340022296544,0.0,2.3036874987245457e-05
6683,1.0,0.0,0.00013935340022296544,0.0,2.3036874987245457e-05
4898,1.0,0.0,0.00013935340022296544,0.0,2.3036874987245457e-05
7100,1.0,0.0,0.00013935340022296544,0.0,2.3036874987245457e-05
5361,1.0,0.0,0.00013935340022296544,0.0,2.3036874987245457e-05
3210,1.0,0.0,0.00013935340022296544,0.0,2.3036874987245457e-05
5891,1.0,0.0,0.00013935340022296544,0.0,2.3036874987245457e-05
6383,1.0,0.0,0.00013935340022296544,0.0,2.3036874987245457e-05
3624,1.0,0.0,0.00013935340022296544,0.0,2.3036874987245457e-05
4127,1.0,0.0,0.00013935340022296544,0.0,2.3036874987245457e-05
5200,1.0,0.0,0.00013935340022296544,0.0,2.3036874987245457e-05
3431,1.0,0.0,0.00013935340022296544,0.0,2.3036874987245457e-05
6256,1.0,0.0,0.00013935340022296544,0.0,2.3036874987245457e-05
4416,1.0,0.0,0.00013935340022296544,0.0,2.3036874987245457e-05
5028,1.0,0.0,0.00013935340022296544,0.0,2.3036874987245457e-05
2431,1.0,0.0,0.00013935340022296544,0.0,2.3036874987245457e-05
2299,1.0,0.0,0.00013935340022296544,0.0,2.3036874987245457e-05
994,1.0,0.0,0.00013935340022296544,0.0,2.3036874987245457e-05
1419,1.0,0.0,0.00013935340022296544,0.0,2.3036874987245457e-05
2902,1.0,0.0,0.00013935340022296544,0.0,2.3036874987245457e-05
2805,1.0,0.0,0.00013935340022296544,0.0,2.3036874987245457e-05
2154,1.0,0.0,0.00013935340022296544,0.0,2.3036874987245457e-05
4305,1.0,0.0,0.00013935340022296544,0.0,2.3036874987245457e-05
1038,1.0,0.0,0.00013935340022296544,0.0,2.3036874987245457e-05
6698,1.0,0.0,0.00013935340022296544,0.0,2.3036874987245457e-05
5884,1.0,0.0,0.00013935340022296544,0.0,2.3036874987245457e-05
7053,1.0,0.0,0.00013935340022296544,0.0,2.3036874987245457e-05
2405,1.0,0.0,0.00013935340022296544,0.0,2.3036874987245457e-05
5224,1.0,0.0,0.00013935340022296544,0.0,2.3036874987245457e-05
4081,1.0,0.0,0.00013935340022296544,0.0,2.3036874987245457e-05
3418,1.0,0.0,0.00013935340022296544,0.0,2.3036874987245457e-05
6893,1.0,0.0,0.00013935340022296544,0.0,2.3036874987245457e-05
3328,1.0,0.0,0.00013935340022296544,0.0,2.3036874987245457e-05
5964,1.0,0.0,0.00013935340022296544,0.0,2.3036874987245457e-05
263,1.0,0.0,0.00013935340022296544,0.0,2.3036874987245457e-05
3027,1.0,0.0,0.00013935340022296544,0.0,2.3036874987245457e-05
2877,1.0,0.0,0.00013935340022296544,0.0,2.3036874987245457e-05
3975,1.0,0.0,0.00013935340022296544,0.0,2.3036874987245457e-05
5753,1.0,0.0,0.00013935340022296544,0.0,2.3036874987245457e-05
2577,1.0,0.0,0.00013935340022296544,0.0,2.3036874987245457e-05
5159,1.0,0.0,0.00013935340022296544,0.0,2.3036874987245457e-05
2588,1.0,0.0,0.00013935340022296544,0.0,2.3036874987245457e-05
5369,1.0,0.0,0.00013935340022296544,0.0,2.3036874987245457e-05
1174,1.0,0.0,0.00013935340022296544,0.0,2.3036874987245457e-05
5440,1.0,0.0,0.00013935340022296544,0.0,2.3036874987245457e-05
2981,1.0,0.0,0.00013935340022296544,0.0,2.3036874987245457e-05
3682,1.0,0.0,0.00013935340022296544,0.0,2.3036874987245457e-05
6358,1.0,0.0,0.00013935340022296544,0.0,2.3036874987245457e-05
6398,1.0,0.0,0.00013935340022296544,0.0,2.3036874987245457e-05
2083,1.0,0.0,0.00013935340022296544,0.0,2.3036874987245457e-05
334,1.0,0.0,0.00013935340022296544,0.0,2.3036874987245457e-05
2937,1.0,0.0,0.00013935340022296544,0.0,2.3036874987245457e-05
2288,1.0,0.0,0.00013935340022296544,0.0,2.3036874987245457e-05
3661,1.0,0.0,0.00013935340022296544,0.0,2.3036874987245457e-05
1897,1.0,0.0,0.00013935340022296544,0.0,2.3036874987245457e-05
6760,1.0,0.0,0.00013935340022296544,0.0,2.3036874987245457e-05
5558,1.0,0.0,0.00013935340022296544,0.0,2.3036874987245457e-05
5368,1.0,0.0,0.00013935340022296544,0.0,2.3036874987245457e-05
2229,1.0,0.0,0.00013935340022296544,0.0,2.3036874987245457e-05
1176,1.0,0.0,0.00013935340022296544,0.0,2.3036874987245457e-05
6005,1.0,0.0,0.00013935340022296544,0.0,2.3036874987245457e-05
447,1.0,0.0,0.00013935340022296544,0.0,2.3036874987245457e-05
592,1.0,0.0,0.00013935340022296544,0.0,2.3036874987245457e-05
4024,1.0,0.0,0.00013935340022296544,0.0,2.3036874987245457e-05
6911,1.0,0.0,0.00013935340022296544,0.0,2.3036874987245457e-05
23,1.0,0.0,0.00013935340022296544,0.0,2.3036874987245457e-05
1956,1.0,0.0,0.00013935340022296544,0.0,2.3036874987245457e-05
2654,1.0,0.0,0.00013935340022296544,0.0,2.3036874987245457e-05
3964,1.0,0.0,0.00013935340022296544,0.0,2.3036874987245457e-05
1115,1.0,0.0,0.00013935340022296544,0.0,2.3036874987245457e-05
3279,1.0,0.0,0.00013935340022296544,0.0,2.3036874987245457e-05
1835,1.0,0.0,0.00013935340022296544,0.0,2.3036874987245457e-05
1869,1.0,0.0,0.00013935340022296544,0.0,2.3036874987245457e-05
4306,1.0,0.0,0.00013935340022296544,0.0,2.3036874987245457e-05
6266,1.0,0.0,0.00013935340022296544,0.0,2.3036874987245457e-05
3154,1.0,0.0,0.00013935340022296544,0.0,2.3036874987245457e-05
2770,1.0,0.0,0.00013935340022296544,0.0,2.3036874987245457e-05
5656,1.0,0.0,0.00013935340022296544,0.0,2.3036874987245457e-05
4650,1.0,0.0,0.00013935340022296544,0.0,2.3036874987245457e-05
167,1.0,0.0,0.00013935340022296544,0.0,2.3036874987245457e-05
6461,1.0,0.0,0.00013935340022296544,0.0,2.3036874987245457e-05
5998,1.0,0.0,0.00013935340022296544,0.0,2.3036874987245457e-05
